ClassName,Duration,Build_id.,Build_Date,Job_id,Job_Status
io.cucumber.plugin.event.NodeTest,0.149,697205329,2020-06-11T12:38:47Z,697205331,failed
io.cucumber.core.gherkin.messages.FeatureParserTest,0.292,697205329,2020-06-11T12:38:47Z,697205331,failed
io.cucumber.docstring.DocStringTest,0.058,697205329,2020-06-11T12:38:47Z,697205331,failed
io.cucumber.docstring.DocStringTypeRegistryTest,0.01,697205329,2020-06-11T12:38:47Z,697205331,failed
io.cucumber.docstring.DocStringTypeRegistryDocStringConverterTest,0.256,697205329,2020-06-11T12:38:47Z,697205331,failed
io.cucumber.core.plugin.JsonParallelRuntimeTest,0.92,697205329,2020-06-11T12:38:47Z,697205331,failed
io.cucumber.core.plugin.RerunFormatterTest,0.691,697205329,2020-06-11T12:38:47Z,697205331,failed
io.cucumber.core.plugin.TeamCityPluginTest,0.104,697205329,2020-06-11T12:38:47Z,697205331,failed
io.cucumber.core.plugin.JsonFormatterTest,0.394,697205329,2020-06-11T12:38:47Z,697205331,failed
io.cucumber.core.plugin.UrlOutputStreamTest,0.966,697205329,2020-06-11T12:38:47Z,697205331,failed
io.cucumber.core.plugin.PluginsTest,0.187,697205329,2020-06-11T12:38:47Z,697205331,failed
io.cucumber.core.plugin.TestNGFormatterTest,0.601,697205329,2020-06-11T12:38:47Z,697205331,failed
io.cucumber.core.plugin.PluginFactoryTest,0.536,697205329,2020-06-11T12:38:47Z,697205331,failed
io.cucumber.core.plugin.JUnitFormatterTest,0.806,697205329,2020-06-11T12:38:47Z,697205331,failed
io.cucumber.core.plugin.UnusedStepsSummaryPrinterTest,0.029,697205329,2020-06-11T12:38:47Z,697205331,failed
io.cucumber.core.plugin.PrettyFormatterTest,0.086,697205329,2020-06-11T12:38:47Z,697205331,failed
io.cucumber.core.plugin.DefaultSummaryPrinterTest,0.006,697205329,2020-06-11T12:38:47Z,697205331,failed
io.cucumber.core.plugin.HtmlFormatterTest,0.274,697205329,2020-06-11T12:38:47Z,697205331,failed
io.cucumber.core.plugin.TimelineFormatterTest,0.218,697205329,2020-06-11T12:38:47Z,697205331,failed
io.cucumber.core.plugin.CanonicalEventOrderTest,0.086,697205329,2020-06-11T12:38:47Z,697205331,failed
io.cucumber.core.plugin.MessageFormatterTest,0.004,697205329,2020-06-11T12:38:47Z,697205331,failed
io.cucumber.core.plugin.StatsTest,0.029,697205329,2020-06-11T12:38:47Z,697205331,failed
io.cucumber.core.plugin.UsageFormatterTest,0.038,697205329,2020-06-11T12:38:47Z,697205331,failed
io.cucumber.core.resource.ResourceScannerTest,0.083,697205329,2020-06-11T12:38:47Z,697205331,failed
io.cucumber.core.resource.ClasspathSupportTest,0.006,697205329,2020-06-11T12:38:47Z,697205331,failed
io.cucumber.core.resource.JarUriFileSystemServiceTest,0.001,697205329,2020-06-11T12:38:47Z,697205331,failed
io.cucumber.core.resource.ClasspathScannerTest,1.055,697205329,2020-06-11T12:38:47Z,697205331,failed
io.cucumber.core.runner.DuplicateStepDefinitionExceptionTest,0.031,697205329,2020-06-11T12:38:47Z,697205331,failed
io.cucumber.core.runner.TestCaseStateTest,0.047,697205329,2020-06-11T12:38:47Z,697205331,failed
io.cucumber.core.runner.CoreStepDefinitionTest,0.038,697205329,2020-06-11T12:38:47Z,697205331,failed
io.cucumber.core.runner.HookTest,0.103,697205329,2020-06-11T12:38:47Z,697205331,failed
io.cucumber.core.runner.RunnerTest,0.197,697205329,2020-06-11T12:38:47Z,697205331,failed
io.cucumber.core.runner.CachingGlueTest,0.055,697205329,2020-06-11T12:38:47Z,697205331,failed
io.cucumber.core.runner.HookTestStepTest,0.115,697205329,2020-06-11T12:38:47Z,697205331,failed
io.cucumber.core.runner.AmbiguousStepDefinitionsExceptionTest,0.047,697205329,2020-06-11T12:38:47Z,697205331,failed
io.cucumber.core.runner.TestCaseStateResultTest,0.111,697205329,2020-06-11T12:38:47Z,697205331,failed
io.cucumber.core.runner.CamelCaseConverterTest,0.067,697205329,2020-06-11T12:38:47Z,697205331,failed
io.cucumber.core.runner.EventBusTest,0.027,697205329,2020-06-11T12:38:47Z,697205331,failed
io.cucumber.core.runner.HookOrderTest,0.249,697205329,2020-06-11T12:38:47Z,697205331,failed
io.cucumber.core.runner.AmbiguousStepDefinitionMatchTest,0.07,697205329,2020-06-11T12:38:47Z,697205331,failed
io.cucumber.core.runner.TestCaseTest,0.096,697205329,2020-06-11T12:38:47Z,697205331,failed
io.cucumber.core.runner.StepDefinitionMatchTest,0.05,697205329,2020-06-11T12:38:47Z,697205331,failed
io.cucumber.core.runner.ResultTest,0.006,697205329,2020-06-11T12:38:47Z,697205331,failed
io.cucumber.core.runner.UndefinedStepDefinitionMatchTest,0.011,697205329,2020-06-11T12:38:47Z,697205331,failed
io.cucumber.core.runner.PickleStepTestStepTest,0.177,697205329,2020-06-11T12:38:47Z,697205331,failed
io.cucumber.core.filter.NamePredicateTest,0.006,697205329,2020-06-11T12:38:47Z,697205331,failed
io.cucumber.core.filter.TagPredicateTest,0.014,697205329,2020-06-11T12:38:47Z,697205331,failed
io.cucumber.core.filter.LinePredicateTest,0.006,697205329,2020-06-11T12:38:47Z,697205331,failed
io.cucumber.core.snippets.ArgumentPatternTest,0.001,697205329,2020-06-11T12:38:47Z,697205331,failed
io.cucumber.core.snippets.FunctionNameGeneratorTest,0.012,697205329,2020-06-11T12:38:47Z,697205331,failed
io.cucumber.core.runtime.JavaObjectFactoryTest,0.001,697205329,2020-06-11T12:38:47Z,697205331,failed
io.cucumber.core.runtime.ThreadLocalRunnerSupplierTest,0.013,697205329,2020-06-11T12:38:47Z,697205331,failed
io.cucumber.core.runtime.CucumberExecutionContextTest,0.027,697205329,2020-06-11T12:38:47Z,697205331,failed
io.cucumber.core.runtime.BackendServiceLoaderTest,0.004,697205329,2020-06-11T12:38:47Z,697205331,failed
io.cucumber.core.runtime.FeaturePathFeatureSupplierTest,0.02,697205329,2020-06-11T12:38:47Z,697205331,failed
io.cucumber.core.runtime.SingletonRunnerSupplierTest,0.004,697205329,2020-06-11T12:38:47Z,697205331,failed
io.cucumber.core.runtime.ExitStatusTest,0.021,697205329,2020-06-11T12:38:47Z,697205331,failed
io.cucumber.core.runtime.FeatureBuilderTest,0.023,697205329,2020-06-11T12:38:47Z,697205331,failed
io.cucumber.core.runtime.RuntimeTest,0.25,697205329,2020-06-11T12:38:47Z,697205331,failed
io.cucumber.core.runtime.ReflectionsTest,0.001,697205329,2020-06-11T12:38:47Z,697205331,failed
io.cucumber.core.options.CommandlineOptionsParserTest,0.058,697205329,2020-06-11T12:38:47Z,697205331,failed
io.cucumber.core.options.CurlOptionTest,0.014,697205329,2020-06-11T12:38:47Z,697205331,failed
io.cucumber.core.options.ShellWordsTest,0.003,697205329,2020-06-11T12:38:47Z,697205331,failed
io.cucumber.core.options.CucumberOptionsAnnotationParserTest,0.033,697205329,2020-06-11T12:38:47Z,697205331,failed
io.cucumber.core.options.RerunFileTest,0.031,697205329,2020-06-11T12:38:47Z,697205331,failed
io.cucumber.core.options.CucumberPropertiesParserTest,0.021,697205329,2020-06-11T12:38:47Z,697205331,failed
io.cucumber.core.options.CucumberPropertiesTest,0.005,697205329,2020-06-11T12:38:47Z,697205331,failed
io.cucumber.core.logging.LoggerFactoryTest,0.014,697205329,2020-06-11T12:38:47Z,697205331,failed
io.cucumber.core.stepexpression.StepTypeRegistryTest,0.008,697205329,2020-06-11T12:38:47Z,697205331,failed
io.cucumber.core.stepexpression.StepExpressionFactoryTest,0.269,697205329,2020-06-11T12:38:47Z,697205331,failed
io.cucumber.core.feature.FeatureIdentifierTest,0.003,697205329,2020-06-11T12:38:47Z,697205331,failed
io.cucumber.core.feature.FeatureWithLinesTest,0.003,697205329,2020-06-11T12:38:47Z,697205331,failed
io.cucumber.core.feature.FeaturePathTest,0.01,697205329,2020-06-11T12:38:47Z,697205331,failed
io.cucumber.core.feature.EncodingTest,0.012,697205329,2020-06-11T12:38:47Z,697205331,failed
io.cucumber.core.feature.GluePathTest,0.017,697205329,2020-06-11T12:38:47Z,697205331,failed
io.cucumber.core.exception.CompositeCucumberExceptionTest,0.007,697205329,2020-06-11T12:38:47Z,697205331,failed
io.cucumber.core.exception.CucumberExceptionTest,0.002,697205329,2020-06-11T12:38:47Z,697205331,failed
io.cucumber.junit.JUnitCucumberOptionsProviderTest,0.06,697205329,2020-06-11T12:38:47Z,697205331,failed
io.cucumber.junit.UndefinedStepExceptionTest,0.012,697205329,2020-06-11T12:38:47Z,697205331,failed
io.cucumber.junit.PickleRunnerWithStepDescriptionsTest,0.564,697205329,2020-06-11T12:38:47Z,697205331,failed
io.cucumber.junit.SanityTest,0.446,697205329,2020-06-11T12:38:47Z,697205331,failed
io.cucumber.junit.InvokeMethodsAroundEventsTest,0.124,697205329,2020-06-11T12:38:47Z,697205331,failed
io.cucumber.junit.FeatureRunnerTest,0.456,697205329,2020-06-11T12:38:47Z,697205331,failed
io.cucumber.junit.JUnitReporterWithStepNotificationsTest,0.469,697205329,2020-06-11T12:38:47Z,697205331,failed
io.cucumber.junit.AssertionsTest,0.004,697205329,2020-06-11T12:38:47Z,697205331,failed
io.cucumber.junit.CucumberTest,0.368,697205329,2020-06-11T12:38:47Z,697205331,failed
io.cucumber.junit.PickleRunnerWithNoStepDescriptionsTest,0.01,697205329,2020-06-11T12:38:47Z,697205331,failed
io.cucumber.junit.RunCucumberTest,0.048,697205329,2020-06-11T12:38:47Z,697205331,failed
io.cucumber.java.JavaDataTableTypeDefinitionTest,0.082,697205329,2020-06-11T12:38:47Z,697205331,failed
io.cucumber.java.JavaDefaultParameterTransformerDefinitionTest,0.015,697205329,2020-06-11T12:38:47Z,697205331,failed
io.cucumber.java.JavaSnippetTest,0.176,697205329,2020-06-11T12:38:47Z,697205331,failed
io.cucumber.java.JavaDefaultDataTableEntryTransformerDefinitionTest,0.031,697205329,2020-06-11T12:38:47Z,697205331,failed
io.cucumber.java.JavaHookDefinitionTest,0.602,697205329,2020-06-11T12:38:47Z,697205331,failed
io.cucumber.java.JavaStepDefinitionTest,0.01,697205329,2020-06-11T12:38:47Z,697205331,failed
io.cucumber.java.JavaDocStringTypeDefinitionTest,0.011,697205329,2020-06-11T12:38:47Z,697205331,failed
io.cucumber.java.MethodFormatTest,0.01,697205329,2020-06-11T12:38:47Z,697205331,failed
io.cucumber.java.JavaParameterTypeDefinitionTest,0.023,697205329,2020-06-11T12:38:47Z,697205331,failed
io.cucumber.java.JavaDefaultDataTableCellTransformerDefinitionTest,0.015,697205329,2020-06-11T12:38:47Z,697205331,failed
io.cucumber.java.MethodScannerTest,0.025,697205329,2020-06-11T12:38:47Z,697205331,failed
io.cucumber.java.JavaStepDefinitionTransposeTest,0.006,697205329,2020-06-11T12:38:47Z,697205331,failed
io.cucumber.java.GlueAdaptorTest,0.021,697205329,2020-06-11T12:38:47Z,697205331,failed
io.cucumber.java.JavaBackendTest,0.118,697205329,2020-06-11T12:38:47Z,697205331,failed
io.cucumber.java.AbstractGlueDefinitionTest,0.003,697205329,2020-06-11T12:38:47Z,697205331,failed
io.cucumber.java.annotation.RunCucumberTest,0.193,697205329,2020-06-11T12:38:47Z,697205331,failed
io.cucumber.java.defaultstransformer.RunCucumberTest,0.347,697205329,2020-06-11T12:38:47Z,697205331,failed
sec,0.434,697205329,2020-06-11T12:38:47Z,697205331,failed
io.cucumber.cdi2.Cdi2FactoryTest,2.046,697205329,2020-06-11T12:38:47Z,697205331,failed
io.cucumber.cdi2.RunCucumberTest,1.217,697205329,2020-06-11T12:38:47Z,697205331,failed
io.cucumber.deltaspike.DeltaSpikeObjectFactoryTest,0.859,697205329,2020-06-11T12:38:47Z,697205331,failed
io.cucumber.guice.GuiceFactoryTest,0.423,697205329,2020-06-11T12:38:47Z,697205331,failed
io.cucumber.guice.matcher.ElementsAreAllEqualMatcherTest,0.024,697205329,2020-06-11T12:38:47Z,697205331,failed
io.cucumber.guice.matcher.ElementsAreAllUniqueMatcherTest,0.027,697205329,2020-06-11T12:38:47Z,697205331,failed
io.cucumber.guice.collection.CollectionUtilTest,0.015,697205329,2020-06-11T12:38:47Z,697205331,failed
io.cucumber.guice.InjectorSourceFactoryTest,0.02,697205329,2020-06-11T12:38:47Z,697205331,failed
Vintage,0.002,697205329,2020-06-11T12:38:47Z,697205331,failed
io.cucumber.jakarta.cdi.CdiJakartaFactoryTest,1.985,697205329,2020-06-11T12:38:47Z,697205331,failed
io.cucumber.jakarta.cdi.RunCucumberTest,1.405,697205329,2020-06-11T12:38:47Z,697205331,failed
io.cucumber.java8.Java8BackendTest,0.72,697205329,2020-06-11T12:38:47Z,697205331,failed
io.cucumber.java8.Java8LambdaStepDefinitionTest,0.038,697205329,2020-06-11T12:38:47Z,697205331,failed
io.cucumber.java8.Java8LambdaStepDefinitionMarksCorrectStackElementTest,0.01,697205329,2020-06-11T12:38:47Z,697205331,failed
io.cucumber.java8.LambdaGlueTest,0.098,697205329,2020-06-11T12:38:47Z,697205331,failed
io.cucumber.java8.Java8AnonInnerClassStepDefinitionTest,0.008,697205329,2020-06-11T12:38:47Z,697205331,failed
io.cucumber.java8.Java8SnippetTest,0.094,697205329,2020-06-11T12:38:47Z,697205331,failed
io.cucumber.java8.RunCucumberTest,0.646,697205329,2020-06-11T12:38:47Z,697205331,failed
progress,0.006,697205329,2020-06-11T12:38:47Z,697205331,failed
scenario,0.1080.003,697205329,2020-06-11T12:38:47Z,697205331,failed
outlines,0.043,697205329,2020-06-11T12:38:47Z,697205331,failed
rule,0.015,697205329,2020-06-11T12:38:47Z,697205331,failed
io.cucumber.junit.platform.engine.DiscoverySelectorResolverTest,0.741,697205329,2020-06-11T12:38:47Z,697205331,failed
io.cucumber.junit.platform.engine.TestCaseResultObserverTest,0.013,697205329,2020-06-11T12:38:47Z,697205331,failed
io.cucumber.junit.platform.engine.FeatureResolverTest,0.04,697205329,2020-06-11T12:38:47Z,697205331,failed
io.cucumber.junit.platform.engine.CucumberTestEngineTest,0.066,697205329,2020-06-11T12:38:47Z,697205331,failed
io.cucumber.junit.platform.engine.CucumberEngineOptionsTest,0.02,697205329,2020-06-11T12:38:47Z,697205331,failed
io.cucumber.kotlin.RunCucumberTest,0.256,697205329,2020-06-11T12:38:47Z,697205331,failed
io.cucumber.needle.CollectInjectionProvidersFromStepsInstanceTest,0.304,697205329,2020-06-11T12:38:47Z,697205331,failed
io.cucumber.needle.ReadInjectionProviderClassNamesTest,0.027,697205329,2020-06-11T12:38:47Z,697205331,failed
io.cucumber.needle.LoadCucumberNeedleResourceBundleTest,0.023,697205329,2020-06-11T12:38:47Z,697205331,failed
io.cucumber.needle.test.atm.AtmServiceBeanTest,0.024,697205329,2020-06-11T12:38:47Z,697205331,failed
io.cucumber.needle.NeedleFactoryTest,0.001,697205329,2020-06-11T12:38:47Z,697205331,failed
io.cucumber.needle.CreateInstanceByDefaultConstructorTest,0.005,697205329,2020-06-11T12:38:47Z,697205331,failed
io.cucumber.needle.CucumberNeedleConfigurationTest,0.004,697205329,2020-06-11T12:38:47Z,697205331,failed
io.cucumber.needle.RunCucumberTest,0.627,697205329,2020-06-11T12:38:47Z,697205331,failed
io.cucumber.openejb.OpenEJBObjectFactoryTest,4.778,697205329,2020-06-11T12:38:47Z,697205331,failed
io.cucumber.openejb.RunCucumberTest,1.12,697205329,2020-06-11T12:38:47Z,697205331,failed
io.cucumber.picocontainer.SomeTest,0.033,697205329,2020-06-11T12:38:47Z,697205331,failed
io.cucumber.picocontainer.SanityTest,0.442,697205329,2020-06-11T12:38:47Z,697205331,failed
io.cucumber.picocontainer.PicoFactoryTest,0.023,697205329,2020-06-11T12:38:47Z,697205331,failed
io.cucumber.picocontainer.RunCucumberTest,0.11,697205329,2020-06-11T12:38:47Z,697205331,failed
io.cucumber.spring.SpringFactoryTest,2.068,697205329,2020-06-11T12:38:47Z,697205331,failed
io.cucumber.spring.threading.RunParallelCucumberTest,1.457,697205329,2020-06-11T12:38:47Z,697205331,failed
io.cucumber.spring.contextcaching.SharedContextTest,0.068,697205329,2020-06-11T12:38:47Z,697205331,failed
io.cucumber.spring.annotationconfig.RunCucumberContextConfigurationTest,0.062,697205329,2020-06-11T12:38:47Z,697205331,failed
io.cucumber.spring.metaconfig.dirties.RunCucumberTest,0.242,697205329,2020-06-11T12:38:47Z,697205331,failed
io.cucumber.spring.metaconfig.general.RunCucumberTest,0.119,697205329,2020-06-11T12:38:47Z,697205331,failed
io.cucumber.spring.dirtiescontextconfig.RunCucumberTest,0.278,697205329,2020-06-11T12:38:47Z,697205331,failed
io.cucumber.spring.webappconfig.RunCucumberTest,0.324,697205329,2020-06-11T12:38:47Z,697205331,failed
io.cucumber.spring.contextcaching.RunCucumberTest,0.034,697205329,2020-06-11T12:38:47Z,697205331,failed
io.cucumber.spring.contextconfig.RunCucumberTest,0.089,697205329,2020-06-11T12:38:47Z,697205331,failed
TestSuite,2.319,697205329,2020-06-11T12:38:47Z,697205331,failed
io.cucumber.weld.WeldFactoryTest,1.114,697205329,2020-06-11T12:38:47Z,697205331,failed
io.cucumber.weld.RunCucumberTest,0.423,697205329,2020-06-11T12:38:47Z,697205331,failed
Search,7.887,697205329,2020-06-11T12:38:47Z,697205331,failed
Messages,0.63,697205329,2020-06-11T12:38:47Z,697205331,failed
io.cucumber.examples.java.RunCucumberTest,0.522,697205329,2020-06-11T12:38:47Z,697205331,failed
