ClassName,Duration
org.apache.hive.hcatalog.api.TestHCatClientNotification,64.273
org.apache.hive.hcatalog.hbase.TestPigHBaseStorageHandler,19.767
org.apache.hive.hcatalog.listener.TestDbNotificationListener,219.876
org.apache.hive.hcatalog.mapreduce.TestHCatHiveCompatibility,17.059
org.apache.hive.hcatalog.mapreduce.TestHCatHiveThriftCompatibility,14.344
org.apache.hive.hcatalog.mapreduce.TestSequenceFileReadWrite,17.656
org.apache.hadoop.hive.cli.TestBlobstoreCliDriver,435.55
org.apache.hadoop.hive.cli.TestBlobstoreNegativeCliDriver,3.474
org.apache.hive.minikdc.RemoteHiveMetaStoreDualAuthTest,42.87400000000001
org.apache.hive.minikdc.TestHiveAuthFactory,9.603
org.apache.hive.minikdc.TestHs2HooksWithMiniKdc,2.661
org.apache.hive.minikdc.TestJdbcNonKrbSASLWithMiniKdc,1.059
org.apache.hive.minikdc.TestJdbcWithDBTokenStore,1.372
org.apache.hive.minikdc.TestJdbcWithDBTokenStoreNoDoAs,3.6090000000000004
org.apache.hive.minikdc.TestJdbcWithMiniKdc,0.9759999999999999
org.apache.hive.minikdc.TestJdbcWithMiniKdcCookie,21.476
org.apache.hive.minikdc.TestJdbcWithMiniKdcSQLAuthAll,4.305
org.apache.hive.minikdc.TestJdbcWithMiniKdcSQLAuthBinary,4.284
org.apache.hive.minikdc.TestJdbcWithMiniKdcSQLAuthHttp,4.932
org.apache.hive.minikdc.TestMiniHiveKdc,2.936
org.apache.hive.minikdc.TestRemoteHiveMetaStoreDualAuthCustom,52.917
org.apache.hive.minikdc.TestRemoteHiveMetaStoreDualAuthKerb,45.955
org.apache.hive.minikdc.TestRemoteHiveMetaStoreKerberos,42.759999999999984
org.apache.hive.minikdc.TestSSLWithMiniKdc,8.713
org.apache.hadoop.hive.common.TestFileUtils,2.6270000000000002
org.apache.hadoop.hive.metastore.security.TestHadoopAuthBridge23,56.300000000000004
org.apache.hadoop.hive.ql.security.TestPasswordWithCredentialProvider,2.302
org.apache.hadoop.hive.ql.security.TestStorageBasedMetastoreAuthorizationProviderWithACL,20.597
org.apache.hadoop.hive.cli.TestAccumuloCliDriver,89.044
org.apache.hive.TestDummy,0.002
org.apache.hadoop.hive.cli.TestBeeLineDriver,317.531
org.apache.hadoop.hive.cli.TestCliDriver,1981.9189999999996
org.apache.hadoop.hive.cli.TestCompareCliDriver,18.776
org.apache.hadoop.hive.cli.TestContribCliDriver,100.12600000000003
org.apache.hadoop.hive.cli.TestContribNegativeCliDriver,10.703999999999999
org.apache.hadoop.hive.cli.TestEncryptedHDFSCliDriver,1663.0749999999998
org.apache.hadoop.hive.cli.TestErasureCodingHDFSCliDriver,252.226
org.apache.hadoop.hive.cli.TestHBaseCliDriver,554.9459999999999
org.apache.hadoop.hive.cli.TestHBaseNegativeCliDriver,16.479
org.apache.hadoop.hive.cli.TestMiniDruidCliDriver,833.717
org.apache.hadoop.hive.cli.TestMiniDruidKafkaCliDriver,271.151
org.apache.hadoop.hive.cli.TestMiniHiveKafkaCliDriver,37.166
org.apache.hadoop.hive.cli.TestMiniLlapCliDriver,1123.649
org.apache.hadoop.hive.cli.TestMiniLlapLocalCliDriver,11360.878
org.apache.hadoop.hive.cli.TestMiniTezCliDriver,403.039
org.apache.hadoop.hive.cli.TestNegativeCliDriver,1020.628
org.apache.hadoop.hive.cli.TestNegativeMinimrCliDriver,273.203
org.apache.hadoop.hive.cli.TestTezPerfCliDriver,171.655
org.apache.hadoop.hive.cli.TestTezPerfConstraintsCliDriver,324.4499999999999
org.apache.hadoop.hive.cli.control.TestDanglingQOuts,0.014
org.apache.hadoop.hive.cli.control.TestSplitSupport,0.004
org.apache.hadoop.hive.ql.TestQOutProcessor,0.005
org.apache.hadoop.hive.accumulo.TestAccumuloConnectionParameters,2.436
org.apache.hadoop.hive.accumulo.TestAccumuloDefaultIndexScanner,3.021
org.apache.hadoop.hive.accumulo.TestAccumuloHiveRow,1.192
org.apache.hadoop.hive.accumulo.TestAccumuloIndexLexicoder,0.024000000000000004
org.apache.hadoop.hive.accumulo.TestAccumuloIndexParameters,1.538
org.apache.hadoop.hive.accumulo.TestAccumuloStorageHandler,9.511999999999999
org.apache.hadoop.hive.accumulo.TestHiveAccumuloHelper,5.144
org.apache.hadoop.hive.accumulo.TestLazyAccumuloMap,3.4869999999999997
org.apache.hadoop.hive.accumulo.TestLazyAccumuloRow,2.854
org.apache.hadoop.hive.accumulo.columns.TestColumnEncoding,0.018000000000000002
org.apache.hadoop.hive.accumulo.columns.TestColumnMapper,1.7429999999999999
org.apache.hadoop.hive.accumulo.columns.TestColumnMappingFactory,1.801
org.apache.hadoop.hive.accumulo.columns.TestHiveAccumuloColumnMapping,1.605
org.apache.hadoop.hive.accumulo.columns.TestHiveRowIdColumnMapping,1.775
org.apache.hadoop.hive.accumulo.mr.TestHiveAccumuloTableInputFormat,5.595999999999999
org.apache.hadoop.hive.accumulo.mr.TestHiveAccumuloTableOutputFormat,6.9110000000000005
org.apache.hadoop.hive.accumulo.mr.TestHiveAccumuloTypes,5.39
org.apache.hadoop.hive.accumulo.predicate.TestAccumuloPredicateHandler,4.889999999999999
org.apache.hadoop.hive.accumulo.predicate.TestAccumuloRangeGenerator,6.816
org.apache.hadoop.hive.accumulo.predicate.TestPrimitiveComparisonFilter,1.601
org.apache.hadoop.hive.accumulo.predicate.compare.TestDoubleCompare,0.007
org.apache.hadoop.hive.accumulo.predicate.compare.TestIntCompare,0.007
org.apache.hadoop.hive.accumulo.predicate.compare.TestLongComparison,0.003
org.apache.hadoop.hive.accumulo.predicate.compare.TestStringCompare,0.007
org.apache.hadoop.hive.accumulo.serde.TestAccumuloRowSerializer,5.026
org.apache.hadoop.hive.accumulo.serde.TestAccumuloSerDe,5.187
org.apache.hadoop.hive.accumulo.serde.TestAccumuloSerDeParameters,4.054
org.apache.hadoop.hive.accumulo.serde.TestDefaultAccumuloRowIdFactory,4.186999999999999
org.apache.hive.beeline.TestBeeLineExceptionHandling,0.207
org.apache.hive.beeline.TestBeeLineHistory,0.125
org.apache.hive.beeline.TestBeeLineOpts,1.109
org.apache.hive.beeline.TestBeelineArgParsing,0.3760000000000001
org.apache.hive.beeline.TestBufferedRows,1.438
org.apache.hive.beeline.TestClientCommandHookFactory,2.2889999999999997
org.apache.hive.beeline.TestCommands,15.527
org.apache.hive.beeline.TestIncrementalRows,1.42
org.apache.hive.beeline.TestShutdownHook,0.1
org.apache.hive.beeline.TestTableOutputFormat,1.112
org.apache.hive.beeline.cli.TestHiveCli,29.188000000000006
org.apache.hive.beeline.hs2connection.TestBeelineSiteParser,1.283
org.apache.hive.beeline.hs2connection.TestUserHS2ConnectionFileParser,1.2799999999999994
org.apache.hive.beeline.schematool.TestHiveSchemaTool,3.9419999999999997
org.apache.hadoop.hive.cli.TestCliDriverMethods,28.626
org.apache.hadoop.hive.cli.TestCliSessionState,8.426
org.apache.hadoop.hive.cli.TestOptionsProcessor,6.252
org.apache.hadoop.hive.cli.TestRCFileCat,6.857
org.apache.hadoop.hive.common.TestBlobStorageUtils,1.476
org.apache.hadoop.hive.common.TestFileUtils,2.524
org.apache.hadoop.hive.common.TestLogUtils,0.966
org.apache.hadoop.hive.common.TestTezJsonParser,0.98
org.apache.hadoop.hive.common.format.datetime.TestHiveSqlDateTimeFormatter,0.14100000000000001
org.apache.hadoop.hive.common.jsonexplain.TestOp,2.247
org.apache.hadoop.hive.common.jsonexplain.TestStage,1.8549999999999998
org.apache.hadoop.hive.common.jsonexplain.TestVertex,2.1759999999999997
org.apache.hadoop.hive.common.jsonexplain.tez.TestTezJsonParser,1.95
org.apache.hadoop.hive.common.metrics.TestLegacyMetrics,4.518
org.apache.hadoop.hive.common.metrics.metrics2.TestCodahaleMetrics,25.483
org.apache.hadoop.hive.common.metrics.metrics2.TestCodahaleReportersConf,6.813000000000001
org.apache.hadoop.hive.common.metrics.metrics2.TestMetricVariableRatioGauge,5.281
org.apache.hadoop.hive.common.type.TestDecimal128,1.91
org.apache.hadoop.hive.common.type.TestHiveBaseChar,0.011
org.apache.hadoop.hive.common.type.TestHiveChar,1.837
org.apache.hadoop.hive.common.type.TestHiveDecimalOrcSerializationUtils,0.362
org.apache.hadoop.hive.common.type.TestHiveIntervalDayTime,3.605
org.apache.hadoop.hive.common.type.TestHiveIntervalYearMonth,1.5380000000000003
org.apache.hadoop.hive.common.type.TestHiveVarchar,1.7120000000000002
org.apache.hadoop.hive.common.type.TestSignedInt128,0.016
org.apache.hadoop.hive.common.type.TestSqlMathUtil,0.008
org.apache.hadoop.hive.common.type.TestTimestampTZ,0.953
org.apache.hadoop.hive.common.type.TestUnsignedInt128,0.014000000000000002
org.apache.hadoop.hive.conf.TestHiveAsyncLogging,4.434
org.apache.hadoop.hive.conf.TestHiveConf,4.675
org.apache.hadoop.hive.conf.TestHiveConfRestrictList,4.573
org.apache.hadoop.hive.conf.TestHiveConfUtil,0.031
org.apache.hadoop.hive.conf.TestHiveLogging,4.882
org.apache.hadoop.hive.conf.TestSystemVariables,4.5600000000000005
org.apache.hadoop.hive.conf.TestVariableSubstitution,3.872
org.apache.hive.common.util.TestACLConfigurationParser,1.09
org.apache.hive.common.util.TestDateParser,0.009999999999999998
org.apache.hive.common.util.TestFixedSizedObjectPool,0.246
org.apache.hive.common.util.TestHiveStringUtils,0.033
org.apache.hive.common.util.TestRetryUtilities,0.925
org.apache.hive.common.util.TestShutdownHookManager,0.923
org.apache.hive.common.util.TestTimestampParser,0.9560000000000001
org.apache.hadoop.hive.contrib.mr.TestGenericMR,0.008
org.apache.hadoop.hive.contrib.serde2.TestRegexSerDe,1.412
org.apache.hadoop.hive.contrib.udaf.example.TestUDAFExampleMaxMinNUtil,0.02
org.apache.hadoop.hive.druid.TestDruidStorageHandler,19.339999999999996
org.apache.hadoop.hive.druid.TestHiveDruidQueryBasedInputFormat,5.729
org.apache.hadoop.hive.druid.io.TestHiveDruidSplit,2.571
org.apache.hadoop.hive.druid.serde.TestDruidSerDe,4.148000000000001
org.apache.hadoop.hive.ql.io.TestDruidRecordWriter,0.394
org.apache.hadoop.hive.hbase.TestHBaseSerDe,9.772999999999996
org.apache.hadoop.hive.hbase.TestHiveHBaseTableOutputFormat,4.076
org.apache.hadoop.hive.hbase.TestLazyHBaseCellMap,0.273
org.apache.hadoop.hive.hbase.TestLazyHBaseObject,2.3090000000000006
org.apache.hadoop.hive.hbase.TestPutResultWritable,4.038
org.apache.hive.hcatalog.cli.SemanticAnalysis.TestHCatAuthUtil,10.217
org.apache.hive.hcatalog.cli.TestPermsGrp,22.117
org.apache.hive.hcatalog.cli.TestSemanticAnalysis,18.611999999999995
org.apache.hive.hcatalog.cli.TestUseDatabase,13.129
org.apache.hive.hcatalog.common.TestHCatUtil,1.839
org.apache.hive.hcatalog.common.TestHiveClientCache,8.879
org.apache.hive.hcatalog.data.TestDefaultHCatRecord,1.0679999999999998
org.apache.hive.hcatalog.data.TestHCatRecordSerDe,0.41
org.apache.hive.hcatalog.data.TestJsonSerDe,0.653
org.apache.hive.hcatalog.data.TestLazyHCatRecord,1.0599999999999998
org.apache.hive.hcatalog.data.TestReaderWriter,11.807
org.apache.hive.hcatalog.data.schema.TestHCatSchema,1.0029999999999997
org.apache.hive.hcatalog.data.schema.TestHCatSchemaUtils,0.07300000000000001
org.apache.hive.hcatalog.mapreduce.TestHCatDynamicPartitioned,139.549
org.apache.hive.hcatalog.mapreduce.TestHCatExternalDynamicPartitioned,213.72599999999997
org.apache.hive.hcatalog.mapreduce.TestHCatExternalNonPartitioned,33.717999999999996
org.apache.hive.hcatalog.mapreduce.TestHCatExternalPartitioned,132.962
org.apache.hive.hcatalog.mapreduce.TestHCatInputFormat,14.832
org.apache.hive.hcatalog.mapreduce.TestHCatInputFormatMethods,11.149
org.apache.hive.hcatalog.mapreduce.TestHCatMultiOutputFormat,5.552
org.apache.hive.hcatalog.mapreduce.TestHCatMutableDynamicPartitioned,139.358
org.apache.hive.hcatalog.mapreduce.TestHCatMutableNonPartitioned,39.873000000000005
org.apache.hive.hcatalog.mapreduce.TestHCatMutablePartitioned,144.63400000000001
org.apache.hive.hcatalog.mapreduce.TestHCatNonPartitioned,33.208000000000006
org.apache.hive.hcatalog.mapreduce.TestHCatOutputFormat,10.39
org.apache.hive.hcatalog.mapreduce.TestHCatPartitionPublish,38.022
org.apache.hive.hcatalog.mapreduce.TestHCatPartitioned,131.645
org.apache.hive.hcatalog.mapreduce.TestInputJobInfo,7.002
org.apache.hive.hcatalog.mapreduce.TestMultiOutputFormat,2.931
org.apache.hive.hcatalog.mapreduce.TestPassProperties,15.005
org.apache.hive.hcatalog.rcfile.TestRCFileMapReduceInputFormat,0.287
org.apache.hive.hcatalog.pig.TestAvroHCatLoader,71.708
org.apache.hive.hcatalog.pig.TestAvroHCatStorer,66.423
org.apache.hive.hcatalog.pig.TestE2EScenarios,17.735
org.apache.hive.hcatalog.pig.TestHCatLoaderComplexSchema,110.86200000000001
org.apache.hive.hcatalog.pig.TestHCatLoaderEncryption,71.98599999999999
org.apache.hive.hcatalog.pig.TestHCatLoaderStorer,21.373
org.apache.hive.hcatalog.pig.TestHCatStorer,74.99700000000001
org.apache.hive.hcatalog.pig.TestHCatStorerMulti,46.706999999999994
org.apache.hive.hcatalog.pig.TestHCatStorerWrapper,16.381
org.apache.hive.hcatalog.pig.TestOrcHCatLoader,72.457
org.apache.hive.hcatalog.pig.TestOrcHCatStorer,82.764
org.apache.hive.hcatalog.pig.TestParquetHCatLoader,73.281
org.apache.hive.hcatalog.pig.TestParquetHCatStorer,84.69700000000002
org.apache.hive.hcatalog.pig.TestPigHCatUtil,1.435
org.apache.hive.hcatalog.pig.TestRCFileHCatLoader,71.38800000000002
org.apache.hive.hcatalog.pig.TestRCFileHCatStorer,82.03500000000001
org.apache.hive.hcatalog.pig.TestSequenceFileHCatLoader,71.38
org.apache.hive.hcatalog.pig.TestSequenceFileHCatStorer,81.83899999999998
org.apache.hive.hcatalog.pig.TestTextFileHCatLoader,71.795
org.apache.hive.hcatalog.pig.TestTextFileHCatStorer,81.888
org.apache.hive.hcatalog.pig.TestUtil,0.001
org.apache.hive.hcatalog.streaming.TestDelimitedInputWriter,3.539
org.apache.hive.hcatalog.streaming.TestStreaming,482.666
org.apache.hive.hcatalog.streaming.mutate.TestMutations,11.602000000000002
org.apache.hive.hcatalog.streaming.mutate.client.TestAcidTableSerializer,3.1149999999999998
org.apache.hive.hcatalog.streaming.mutate.client.TestMutatorClient,5.881000000000001
org.apache.hive.hcatalog.streaming.mutate.client.TestTransaction,3.9929999999999994
org.apache.hive.hcatalog.streaming.mutate.client.lock.TestHeartbeatTimerTask,4.987999999999999
org.apache.hive.hcatalog.streaming.mutate.client.lock.TestLock,3.4379999999999993
org.apache.hive.hcatalog.streaming.mutate.worker.TestBucketIdResolverImpl,0.053
org.apache.hive.hcatalog.streaming.mutate.worker.TestGroupingValidator,0.004
org.apache.hive.hcatalog.streaming.mutate.worker.TestMetaStorePartitionHelper,11.217000000000002
org.apache.hive.hcatalog.streaming.mutate.worker.TestMutatorCoordinator,2.352
org.apache.hive.hcatalog.streaming.mutate.worker.TestMutatorImpl,2.9599999999999995
org.apache.hive.hcatalog.streaming.mutate.worker.TestRecordInspectorImpl,0.056
org.apache.hive.hcatalog.streaming.mutate.worker.TestSequenceValidator,0.023
org.apache.hive.hcatalog.streaming.mutate.worker.TestWarehousePartitionHelper,0.025
org.apache.hive.hcatalog.api.TestHCatClient,429.281
org.apache.hive.hcatalog.api.repl.TestReplicationTask,16.586
org.apache.hive.hcatalog.api.repl.commands.TestCommands,87.62899999999999
org.apache.hive.hcatalog.api.repl.commands.TestNoopCommand,2.719
org.apache.hive.hcatalog.api.repl.exim.TestEximReplicationTasks,0.32700000000000007
org.apache.hive.hcatalog.templeton.TestConcurrentJobRequests,16.009
org.apache.hive.hcatalog.templeton.TestConcurrentJobRequestsThreads,28.791
org.apache.hive.hcatalog.templeton.TestConcurrentJobRequestsThreadsAndTimeout,41.41
org.apache.hive.hcatalog.templeton.TestDesc,0.741
org.apache.hive.hcatalog.templeton.TestServer,11.059
org.apache.hive.hcatalog.templeton.TestWebHCatE2e,1.8399999999999999
org.apache.hive.hcatalog.templeton.tool.TestJobIDParser,5.183
org.apache.hive.hcatalog.templeton.tool.TestTempletonUtils,5.917000000000001
org.apache.hive.hcatalog.templeton.tool.TestTrivialExecService,2.97
org.apache.hive.hplsql.TestHplsqlLocal,8.704000000000002
org.apache.hive.hplsql.TestHplsqlOffline,4.635999999999999
org.apache.hive.hplsql.TestHplsqlUdf,1.07
org.apache.hadoop.hive.hooks.TestHs2Hooks,6.632
org.apache.hadoop.hive.io.TestHadoopFileStatus,1.386
org.apache.hadoop.hive.llap.ext.TestLlapInputSplit,0.931
org.apache.hadoop.hive.metastore.TestAcidTableSetup,9.491
org.apache.hadoop.hive.metastore.TestAuthzApiEmbedAuthorizerInEmbed,0.187
org.apache.hadoop.hive.metastore.TestAuthzApiEmbedAuthorizerInRemote,0.07500000000000001
org.apache.hadoop.hive.metastore.TestHiveMetaStoreAlterColumnPar,0.812
org.apache.hadoop.hive.metastore.TestHiveMetastoreTransformer,29.378
org.apache.hadoop.hive.metastore.TestHiveProtoEventsCleanerTask,1.175
org.apache.hadoop.hive.metastore.TestMetaStoreAuthorization,9.551
org.apache.hadoop.hive.metastore.TestMetaStoreMetrics,12.775
org.apache.hadoop.hive.metastore.TestMetaStoreMultipleEncryptionZones,21.029000000000003
org.apache.hadoop.hive.metastore.TestMetastoreHousekeepingLeader,0.0
org.apache.hadoop.hive.metastore.TestMetastoreHousekeepingLeaderEmptyConfig,0.0
org.apache.hadoop.hive.metastore.TestMetastoreHousekeepingNonLeader,21.849
org.apache.hadoop.hive.metastore.TestMetastoreVersion,38.132000000000005
org.apache.hadoop.hive.metastore.TestPartitionExpressionProxyDefault,8.33
org.apache.hadoop.hive.metastore.TestReplChangeManager,4.744999999999999
org.apache.hadoop.hive.metastore.TestServerSpecificConfig,0.905
org.apache.hadoop.hive.metastore.TestTenantBasedStorageHierarchy,10.065000000000001
org.apache.hadoop.hive.metastore.TestTransactionalValidationListener,5.96
org.apache.hadoop.hive.metastore.cache.TestCachedStoreUpdateUsingEvents,79.579
org.apache.hadoop.hive.metastore.security.TestDBTokenStore,8.983
org.apache.hadoop.hive.metastore.security.TestZookeeperTokenStorePlain,1.005
org.apache.hadoop.hive.metastore.security.TestZookeeperTokenStoreSSLEnabled,1.156
org.apache.hadoop.hive.metastore.tools.metatool.TestHiveMetaTool,11.648
org.apache.hadoop.hive.metastore.tools.schematool.TestSchemaToolCatalogOps,8.315999999999999
org.apache.hadoop.hive.ql.TestAcidOnTez,311.704
org.apache.hadoop.hive.ql.TestAutoPurgeTables,0.0
org.apache.hadoop.hive.ql.TestCreateUdfEntities,57.598
org.apache.hadoop.hive.ql.TestDDLWithRemoteMetastoreSecondNamenode,19.611
org.apache.hadoop.hive.ql.TestLocationQueries,24.113
org.apache.hadoop.hive.ql.TestMTQueries,0.0
org.apache.hadoop.hive.ql.TestMetaStoreLimitPartitionRequest,95.09600000000002
org.apache.hadoop.hive.ql.TestWarehouseExternalDir,1.1059999999999999
org.apache.hadoop.hive.ql.history.TestHiveHistory,18.999
org.apache.hadoop.hive.ql.metadata.TestAlterTableMetadata,13.216
org.apache.hadoop.hive.ql.metadata.TestSemanticAnalyzerHookLoading,13.137
org.apache.hadoop.hive.ql.parse.TestCopyUtils,14.357
org.apache.hadoop.hive.ql.parse.TestExportImport,24.551000000000002
org.apache.hadoop.hive.ql.parse.TestMetaStoreEventListenerInRepl,123.831
org.apache.hadoop.hive.ql.parse.TestReplAcidTablesBootstrapWithJsonMessage,1787.596
org.apache.hadoop.hive.ql.parse.TestReplAcidTablesWithJsonMessage,2309.265
org.apache.hadoop.hive.ql.parse.TestReplAcrossInstancesWithJsonMessageFormat,465.84
org.apache.hadoop.hive.ql.parse.TestReplIncrementalLoadAcidTablesWithJsonMessage,0.0
org.apache.hadoop.hive.ql.parse.TestReplScenariosWithStrictManaged,18.607
org.apache.hadoop.hive.ql.parse.TestReplTableMigrationWithJsonFormat,2020.185
org.apache.hadoop.hive.ql.parse.TestReplWithJsonMessageFormat,1325.962
org.apache.hadoop.hive.ql.parse.TestReplicationOfHiveStreaming,426.74699999999996
org.apache.hadoop.hive.ql.parse.TestReplicationOnHDFSEncryptedZones,24.558
org.apache.hadoop.hive.ql.parse.TestReplicationScenarios,1335.482
org.apache.hadoop.hive.ql.parse.TestReplicationScenariosAcidTables,2311.638000000001
org.apache.hadoop.hive.ql.parse.TestReplicationScenariosAcidTablesBootstrap,1782.1150000000002
org.apache.hadoop.hive.ql.parse.TestReplicationScenariosAcrossInstances,467.47700000000003
org.apache.hadoop.hive.ql.parse.TestReplicationScenariosExternalTables,356.142
org.apache.hadoop.hive.ql.parse.TestReplicationScenariosExternalTablesMetaDataOnly,155.56
org.apache.hadoop.hive.ql.parse.TestReplicationScenariosIncrementalLoadAcidTables,2271.129
org.apache.hadoop.hive.ql.parse.TestReplicationWithTableMigration,2018.9859999999999
org.apache.hadoop.hive.ql.parse.TestReplicationWithTableMigrationEx,424.825
org.apache.hadoop.hive.ql.parse.TestScheduledReplicationScenarios,83.166
org.apache.hadoop.hive.ql.parse.TestStatsReplicationScenarios,722.802
org.apache.hadoop.hive.ql.parse.TestStatsReplicationScenariosACID,2554.339
org.apache.hadoop.hive.ql.parse.TestStatsReplicationScenariosACIDNoAutogather,0.0
org.apache.hadoop.hive.ql.parse.TestStatsReplicationScenariosMM,1831.6109999999999
org.apache.hadoop.hive.ql.parse.TestStatsReplicationScenariosMMNoAutogather,2272.154
org.apache.hadoop.hive.ql.parse.TestStatsReplicationScenariosMigration,1569.5430000000001
org.apache.hadoop.hive.ql.parse.TestStatsReplicationScenariosMigrationNoAutogather,1886.025
org.apache.hadoop.hive.ql.parse.TestStatsReplicationScenariosNoAutogather,898.5070000000001
org.apache.hadoop.hive.ql.parse.TestTableLevelReplicationScenarios,1795.5790000000002
org.apache.hadoop.hive.ql.security.TestAuthorizationPreEventListener,16.29
org.apache.hadoop.hive.ql.security.TestClientSideAuthorizationProvider,18.771
org.apache.hadoop.hive.ql.security.TestHDFSPermissionPolicyProvider,0.216
org.apache.hadoop.hive.ql.security.TestMetastoreAuthorizationProvider,16.392
org.apache.hadoop.hive.ql.security.TestMultiAuthorizationPreEventListener,2.858
org.apache.hadoop.hive.ql.security.TestPasswordWithConfig,1.063
org.apache.hadoop.hive.ql.security.TestStorageBasedClientSideAuthorizationProvider,17.163
org.apache.hadoop.hive.ql.security.TestStorageBasedMetastoreAuthorizationProvider,15.95
org.apache.hadoop.hive.ql.security.authorization.plugin.TestHiveAuthorizerCheckInvocation,3.098
org.apache.hadoop.hive.ql.security.authorization.plugin.TestHiveAuthorizerShowFilters,0.29200000000000004
org.apache.hadoop.hive.ql.session.TestClearDanglingScratchDir,2.18
org.apache.hadoop.hive.ql.txn.compactor.TestCleanerWithReplication,22.436
org.apache.hadoop.hive.ql.txn.compactor.TestCompactor,392.04499999999996
org.apache.hadoop.hive.ql.txn.compactor.TestCrudCompactorOnTez,212.22299999999998
org.apache.hadoop.hive.ql.txn.compactor.TestMmCompactorOnTez,187.26199999999994
org.apache.hadoop.hive.schq.TestScheduledQueryIntegration,30.954
org.apache.hadoop.hive.serde2.TestSerdeWithFieldComments,1.688
org.apache.hadoop.hive.serde2.dynamic_type.TestDynamicSerDe,1.1189999999999996
org.apache.hive.beeline.TestBeeLineWithArgs,116.098
org.apache.hive.beeline.TestBeelinePasswordOption,1.304
org.apache.hive.beeline.hs2connection.TestBeelineConnectionUsingHiveSite,30.431000000000004
org.apache.hive.beeline.hs2connection.TestBeelineWithUserHs2ConnectionFile,22.228
org.apache.hive.beeline.schematool.TestSchemaTool,0.913
org.apache.hive.jdbc.TestActivePassiveHA,0.0
org.apache.hive.jdbc.TestJdbcDriver2,84.92100000000002
org.apache.hive.jdbc.TestJdbcGenericUDTFGetSplits,22.416
org.apache.hive.jdbc.TestJdbcGenericUDTFGetSplits2,21.431
org.apache.hive.jdbc.TestJdbcWithLocalClusterSpark,6.47
org.apache.hive.jdbc.TestJdbcWithMiniHA,27.262
org.apache.hive.jdbc.TestJdbcWithMiniHS2,80.414
org.apache.hive.jdbc.TestJdbcWithMiniLlapArrow,253.49499999999995
org.apache.hive.jdbc.TestJdbcWithMiniLlapRow,0.0
org.apache.hive.jdbc.TestJdbcWithMiniLlapVectorArrow,0.0
org.apache.hive.jdbc.TestJdbcWithMiniLlapVectorArrowBatch,133.584
org.apache.hive.jdbc.TestJdbcWithServiceDiscovery,0.0
org.apache.hive.jdbc.TestMultiSessionsHS2WithLocalClusterSpark,5.252
org.apache.hive.jdbc.TestNewGetSplitsFormat,0.0
org.apache.hive.jdbc.TestNewGetSplitsFormatReturnPath,64.564
org.apache.hive.jdbc.TestNoSaslAuth,0.141
org.apache.hive.jdbc.TestRestrictedList,0.73
org.apache.hive.jdbc.TestSSL,33.309000000000005
org.apache.hive.jdbc.TestServiceDiscovery,0.654
org.apache.hive.jdbc.TestServiceDiscoveryWithMiniHS2,20.572000000000003
org.apache.hive.jdbc.TestTriggersMoveWorkloadManager,37.737
org.apache.hive.jdbc.TestTriggersNoTezSessionPool,17.512
org.apache.hive.jdbc.TestTriggersTezSessionPoolManager,0.0
org.apache.hive.jdbc.TestTriggersWorkloadManager,0.0
org.apache.hive.jdbc.TestXSRFFilter,25.648999999999997
org.apache.hive.jdbc.authorization.TestCLIAuthzSessionContext,10.98
org.apache.hive.jdbc.authorization.TestHS2AuthzContext,2.512
org.apache.hive.jdbc.authorization.TestHS2AuthzSessionContext,0.001
org.apache.hive.jdbc.authorization.TestJdbcMetadataApiAuth,0.457
org.apache.hive.jdbc.authorization.TestJdbcWithSQLAuthUDFBlacklist,18.039
org.apache.hive.jdbc.authorization.TestJdbcWithSQLAuthorization,3.8589999999999995
org.apache.hive.jdbc.miniHS2.TestHiveServer2,3.2070000000000003
org.apache.hive.jdbc.miniHS2.TestHiveServer2SessionTimeout,20.656
org.apache.hive.jdbc.miniHS2.TestHs2ConnectionMetricsBinary,14.662
org.apache.hive.jdbc.miniHS2.TestHs2ConnectionMetricsHttp,12.738
org.apache.hive.jdbc.miniHS2.TestHs2Metrics,3.285
org.apache.hive.jdbc.miniHS2.TestMiniHS2,11.81
org.apache.hive.service.TestDFSErrorHandling,6.193
org.apache.hive.service.TestHS2ImpersonationWithRemoteMS,5.638
org.apache.hive.service.auth.TestCustomAuthentication,0.213
org.apache.hive.service.auth.TestHttpCookieAuthenticationTest,3.433
org.apache.hive.service.auth.TestImproperTrustDomainAuthenticationBinary,0.256
org.apache.hive.service.auth.TestImproperTrustDomainAuthenticationHttp,1.063
org.apache.hive.service.auth.TestTrustDomainAuthenticationBinary,0.316
org.apache.hive.service.auth.TestTrustDomainAuthenticationHttp,0.702
org.apache.hive.service.cli.TestEmbeddedThriftBinaryCLIService,53.385000000000005
org.apache.hive.service.cli.operation.TestOperationLoggingAPIWithMr,15.353
org.apache.hive.service.cli.operation.TestOperationLoggingAPIWithTez,91.892
org.apache.hive.service.cli.operation.TestOperationLoggingLayout,11.296
org.apache.hive.service.cli.session.TestHiveSessionImpl,11.424
org.apache.hive.service.cli.session.TestQueryDisplay,18.696999999999996
org.apache.hive.service.cli.thrift.TestMiniHS2StateWithNoZookeeper,0.183
org.apache.hive.service.cli.thrift.TestThriftCLIServiceSecurity,0.012
org.apache.hive.service.cli.thrift.TestThriftCLIServiceWithAllAndBinary,10.699
org.apache.hive.service.cli.thrift.TestThriftCLIServiceWithAllAndHttp,10.769999999999998
org.apache.hive.service.cli.thrift.TestThriftCLIServiceWithBinary,10.655
org.apache.hive.service.cli.thrift.TestThriftCLIServiceWithHttp,10.781999999999998
org.apache.hive.service.cli.thrift.TestThriftCliServiceMessageSize,14.622
org.apache.hive.service.cli.thrift.TestThriftHttpCLIServiceFeatures,2.6790000000000003
org.apache.hive.service.server.TestHS2ClearDanglingScratchDir,6.608
org.apache.hive.service.server.TestInformationSchemaWithPrivilegeZookeeperPlain,120.992
org.apache.hive.service.server.TestInformationSchemaWithPrivilegeZookeeperSSL,122.54
org.apache.hive.service.server.TestKillQueryZookeeperManager,13.005
org.apache.hadoop.hive.cli.TestMiniLlapLocalCliDriver,222.896
org.apache.hadoop.hive.cli.TestNegativeCliDriver,0.0
org.apache.hive.config.TestJdbcStorageConfigManager,1.3259999999999998
org.apache.hive.storage.jdbc.TestJdbcInputFormat,3.595999999999999
org.apache.hive.storage.jdbc.dao.TestGenericJdbcDatabaseAccessor,2.349
org.apache.hive.jdbc.TestHiveBaseResultSet,5.403000000000002
org.apache.hive.jdbc.TestHiveConnection,2.1990000000000003
org.apache.hive.jdbc.TestHivePreparedStatement,6.119000000000001
org.apache.hive.jdbc.TestHiveStatement,4.921000000000001
org.apache.hive.jdbc.TestJdbcDriver,2.0899999999999994
org.apache.hadoop.hive.kafka.AvroBytesConverterTest,0.036000000000000004
org.apache.hadoop.hive.kafka.HiveKafkaProducerTest,3.7960000000000003
org.apache.hadoop.hive.kafka.KafkaInputSplitTest,0.964
org.apache.hadoop.hive.kafka.KafkaRecordIteratorTest,10.89
org.apache.hadoop.hive.kafka.KafkaScanTrimmerTest,1.5659999999999994
org.apache.hadoop.hive.kafka.KafkaStorageHandlerTest,2.161
org.apache.hadoop.hive.kafka.KafkaUtilsTest,1.6909999999999996
org.apache.hadoop.hive.kafka.KafkaWritableTest,1.0409999999999997
org.apache.hadoop.hive.kafka.SimpleKafkaWriterTest,2.785
org.apache.hadoop.hive.kafka.TransactionalKafkaWriterTest,13.547
org.apache.hadoop.hive.llap.TestAsyncPbRpcProxy,2.421
org.apache.hadoop.hive.llap.registry.impl.TestLlapZookeeperRegistryImpl,2.558
org.apache.hadoop.hive.llap.registry.impl.TestSlotZnode,3.882
org.apache.hadoop.hive.registry.impl.TestZookeeperUtils,6.852
org.apache.hadoop.hive.llap.TestRow,1.699
org.apache.hadoop.hive.llap.io.TestChunkedInputStream,1.645
org.apache.hadoop.hive.llap.metrics.TestReadWriteLockMetrics,2.036
org.apache.hadoop.hive.llap.tez.TestConverters,1.746
org.apache.hadoop.hive.llap.cache.TestBuddyAllocator,0.30600000000000005
org.apache.hadoop.hive.llap.cache.TestBuddyAllocatorForceEvict,10.58
org.apache.hadoop.hive.llap.cache.TestCacheAllocationsEvictionsCycles,0.30200000000000005
org.apache.hadoop.hive.llap.cache.TestCacheContentsTracker,0.052000000000000005
org.apache.hadoop.hive.llap.cache.TestIncrementalObjectSizeEstimator,0.02
org.apache.hadoop.hive.llap.cache.TestLowLevelCacheImpl,0.21200000000000002
org.apache.hadoop.hive.llap.cache.TestLowLevelLrfuCachePolicy,1.1079999999999997
org.apache.hadoop.hive.llap.cache.TestOrcMetadataCache,1.0719999999999998
org.apache.hadoop.hive.llap.cli.service.TestLlapServiceCommandLine,1.0819999999999996
org.apache.hadoop.hive.llap.cli.status.TestLlapStatusServiceCommandLine,0.891
org.apache.hadoop.hive.llap.daemon.impl.TestContainerRunnerImpl,1.638
org.apache.hadoop.hive.llap.daemon.impl.TestEvictingPriorityBlockingQueue,0.874
org.apache.hadoop.hive.llap.daemon.impl.TestLlapDaemon,1.351
org.apache.hadoop.hive.llap.daemon.impl.TestLlapDaemonProtocolServerImpl,2.36
org.apache.hadoop.hive.llap.daemon.impl.TestLlapLoadGeneratorService,2.5540000000000003
org.apache.hadoop.hive.llap.daemon.impl.TestLlapTokenChecker,0.898
org.apache.hadoop.hive.llap.daemon.impl.TestQueryIdentifier,0.004
org.apache.hadoop.hive.llap.daemon.impl.TestTaskExecutorService,3.612
org.apache.hadoop.hive.llap.daemon.impl.comparator.TestAMReporter,3.942
org.apache.hadoop.hive.llap.daemon.impl.comparator.TestFirstInFirstOutComparator,1.9879999999999998
org.apache.hadoop.hive.llap.daemon.impl.comparator.TestShortestJobFirstComparator,2.018
org.apache.hadoop.hive.llap.daemon.services.impl.TestLlapWebServices,0.16
org.apache.hadoop.hive.llap.io.api.impl.LlapRecordReaderQueueSizeTest,0.929
org.apache.hadoop.hive.llap.io.encoded.TestVectorDeserializeOrcWriter,1.667
org.apache.hadoop.hive.llap.metrics.TestLlapDaemonExecutorMetrics,1.444
org.apache.hadoop.hive.llap.registry.impl.TestLlapRegistryService,0.368
org.apache.hadoop.hive.llap.security.TestLlapSignerImpl,0.0
org.apache.hadoop.hive.llap.shufflehandler.TestIndexCache,1.9500000000000002
org.apache.hadoop.hive.llap.tezplugins.TestLlapTaskCommunicator,2.3240000000000003
org.apache.hadoop.hive.llap.tezplugins.TestLlapTaskSchedulerService,7.043
org.apache.hadoop.hive.llap.tezplugins.metrics.TestBlacklistingLlapMetricsListener,2.346
org.apache.hadoop.hive.llap.tezplugins.metrics.TestLlapMetricsCollector,2.0240000000000005
org.apache.hadoop.hive.llap.TestLlapOutputFormat,18.588
org.apache.hadoop.hive.metastore.TestMetastoreExpr,10.628
org.apache.hadoop.hive.metastore.txn.TestCompactionTxnHandler,8.807
org.apache.hadoop.hive.metastore.txn.TestTxnHandler,43.44
org.apache.hadoop.hive.metastore.txn.TestTxnHandlerNoConnectionPool,2.069
org.apache.hadoop.hive.ql.TestCompileLock,35.349
org.apache.hadoop.hive.ql.TestErrorMsg,1.049
org.apache.hadoop.hive.ql.TestTxnAddPartition,56.464999999999996
org.apache.hadoop.hive.ql.TestTxnCommands,350.42999999999995
org.apache.hadoop.hive.ql.TestTxnCommands2,519.5160000000001
org.apache.hadoop.hive.ql.TestTxnCommands2WithSplitUpdateAndVectorization,519.459
org.apache.hadoop.hive.ql.TestTxnCommands3,177.194
org.apache.hadoop.hive.ql.TestTxnCommandsForMmTable,78.79
org.apache.hadoop.hive.ql.TestTxnCommandsForOrcMmTable,78.913
org.apache.hadoop.hive.ql.TestTxnCommandsWithSplitUpdateAndVectorization,352.015
org.apache.hadoop.hive.ql.TestTxnConcatenate,54.538
org.apache.hadoop.hive.ql.TestTxnExIm,161.39399999999998
org.apache.hadoop.hive.ql.TestTxnLoadData,250.475
org.apache.hadoop.hive.ql.TestTxnNoBuckets,197.54000000000002
org.apache.hadoop.hive.ql.TestTxnNoBucketsVectorized,197.969
org.apache.hadoop.hive.ql.ddl.table.partition.show.TestShowPartitionAnalyzer,9.932
org.apache.hadoop.hive.ql.exec.TestAddToClassPathAction,1.2189999999999999
org.apache.hadoop.hive.ql.exec.TestContext,1.499
org.apache.hadoop.hive.ql.exec.TestExecDriver,75.204
org.apache.hadoop.hive.ql.exec.TestExplainTask,4.253000000000001
org.apache.hadoop.hive.ql.exec.TestExpressionEvaluator,3.7279999999999998
org.apache.hadoop.hive.ql.exec.TestFileSinkOperator,9.238999999999999
org.apache.hadoop.hive.ql.exec.TestFunctionRegistry,4.041
org.apache.hadoop.hive.ql.exec.TestGetInputSummary,11.314
org.apache.hadoop.hive.ql.exec.TestHiveCredentialProviders,1.313
org.apache.hadoop.hive.ql.exec.TestKeyWrapperFactory,1.8659999999999999
org.apache.hadoop.hive.ql.exec.TestMsckCreatePartitionsInBatches,4.132
org.apache.hadoop.hive.ql.exec.TestMsckDropPartitionsInBatches,3.3230000000000004
org.apache.hadoop.hive.ql.exec.TestOperatorNames,0.976
org.apache.hadoop.hive.ql.exec.TestOperators,15.498999999999999
org.apache.hadoop.hive.ql.exec.TestPartitionKeySampler,0.933
org.apache.hadoop.hive.ql.exec.TestPlan,2.944
org.apache.hadoop.hive.ql.exec.TestTopNKeyFilter,0.027
org.apache.hadoop.hive.ql.exec.TestUtilities,4.4110000000000005
org.apache.hadoop.hive.ql.exec.errors.TestTaskLogProcessor,1.2219999999999998
org.apache.hadoop.hive.ql.exec.mapjoin.TestMapJoinMemoryExhaustionHandler,0.282
org.apache.hadoop.hive.ql.exec.mr.TestMapRedTask,6.428
org.apache.hadoop.hive.ql.exec.mr.TestMapredLocalTask,1.62
org.apache.hadoop.hive.ql.exec.persistence.TestBytesBytesMultiHashMap,0.927
org.apache.hadoop.hive.ql.exec.persistence.TestHashPartition,0.897
org.apache.hadoop.hive.ql.exec.persistence.TestMapJoinEqualityTableContainer,0.14
org.apache.hadoop.hive.ql.exec.persistence.TestMapJoinKey,1.076
org.apache.hadoop.hive.ql.exec.persistence.TestMapJoinRowContainer,1.095
org.apache.hadoop.hive.ql.exec.persistence.TestMapJoinTableContainer,0.28200000000000003
org.apache.hadoop.hive.ql.exec.persistence.TestPTFRowContainer,24.529999999999998
org.apache.hadoop.hive.ql.exec.persistence.TestRowContainer,2.006
org.apache.hadoop.hive.ql.exec.repl.TestRangerDumpTask,4.414
org.apache.hadoop.hive.ql.exec.repl.TestRangerLoadTask,1.6679999999999997
org.apache.hadoop.hive.ql.exec.repl.TestReplDumpTask,3.732
org.apache.hadoop.hive.ql.exec.repl.bootstrap.AddDependencyToLeavesTest,2.331
org.apache.hadoop.hive.ql.exec.repl.bootstrap.load.TestTaskTracker,2.962
org.apache.hadoop.hive.ql.exec.repl.dump.TestUtils,2.707
org.apache.hadoop.hive.ql.exec.spark.TestHiveKVResultCache,1.26
org.apache.hadoop.hive.ql.exec.spark.TestHiveSparkClient,17.977
org.apache.hadoop.hive.ql.exec.spark.TestSmallTableCache,0.18400000000000002
org.apache.hadoop.hive.ql.exec.spark.TestSparkInvalidFileFormat,19.507
org.apache.hadoop.hive.ql.exec.spark.TestSparkPlan,16.959
org.apache.hadoop.hive.ql.exec.spark.TestSparkTask,3.8350000000000004
org.apache.hadoop.hive.ql.exec.spark.TestSparkUtilities,2.992
org.apache.hadoop.hive.ql.exec.spark.session.TestSparkSessionManagerImpl,18.166
org.apache.hadoop.hive.ql.exec.spark.status.TestSparkJobMonitor,2.045
org.apache.hadoop.hive.ql.exec.tez.TestCustomPartitionVertex,1.741
org.apache.hadoop.hive.ql.exec.tez.TestDagUtils,2.222
org.apache.hadoop.hive.ql.exec.tez.TestDynamicPartitionPruner,5.473
org.apache.hadoop.hive.ql.exec.tez.TestGuaranteedTaskAllocator,1.037
org.apache.hadoop.hive.ql.exec.tez.TestHostAffinitySplitLocationProvider,6.391
org.apache.hadoop.hive.ql.exec.tez.TestInputSplitComparator,0.01
org.apache.hadoop.hive.ql.exec.tez.TestTezSessionPool,34.937000000000005
org.apache.hadoop.hive.ql.exec.tez.TestTezTask,11.953999999999999
org.apache.hadoop.hive.ql.exec.tez.TestTezTotalOrderPartitioner,0.8370000000000001
org.apache.hadoop.hive.ql.exec.tez.TestUtils,2.075
org.apache.hadoop.hive.ql.exec.tez.TestVectorMapJoinFastHashTable,9.52
org.apache.hadoop.hive.ql.exec.tez.TestWorkloadManager,3.037
org.apache.hadoop.hive.ql.exec.tez.monitoring.TestTezProgressMonitor,0.965
org.apache.hadoop.hive.ql.exec.util.DAGTraversalTest,1.857
org.apache.hadoop.hive.ql.exec.vector.TestTimestampWritableAndColumnVector,0.132
org.apache.hadoop.hive.ql.exec.vector.TestVectorFilterOperator,0.323
org.apache.hadoop.hive.ql.exec.vector.TestVectorGroupByOperator,0.5570000000000003
org.apache.hadoop.hive.ql.exec.vector.TestVectorHashKeyWrapperBatch,0.988
org.apache.hadoop.hive.ql.exec.vector.TestVectorLimitOperator,1.0439999999999998
org.apache.hadoop.hive.ql.exec.vector.TestVectorRowBytesContainer,0.954
org.apache.hadoop.hive.ql.exec.vector.TestVectorRowObject,14.59
org.apache.hadoop.hive.ql.exec.vector.TestVectorSelectOperator,2.358
org.apache.hadoop.hive.ql.exec.vector.TestVectorSerDeRow,358.742
org.apache.hadoop.hive.ql.exec.vector.TestVectorizationContext,2.4779999999999975
org.apache.hadoop.hive.ql.exec.vector.TestVectorizedRowBatch,0.005
org.apache.hadoop.hive.ql.exec.vector.aggregation.TestVectorAggregation,322.49600000000004
org.apache.hadoop.hive.ql.exec.vector.expressions.TestConstantVectorExpression,0.989
org.apache.hadoop.hive.ql.exec.vector.expressions.TestCuckooSet,4.0089999999999995
org.apache.hadoop.hive.ql.exec.vector.expressions.TestDecimalUtil,0.018000000000000002
org.apache.hadoop.hive.ql.exec.vector.expressions.TestUnaryMinus,0.9410000000000001
org.apache.hadoop.hive.ql.exec.vector.expressions.TestVectorArithmetic,476.537
org.apache.hadoop.hive.ql.exec.vector.expressions.TestVectorArithmeticExpressions,0.9740000000000001
org.apache.hadoop.hive.ql.exec.vector.expressions.TestVectorBetweenIn,343.32300000000004
org.apache.hadoop.hive.ql.exec.vector.expressions.TestVectorCastStatement,199.77800000000002
org.apache.hadoop.hive.ql.exec.vector.expressions.TestVectorCoalesceElt,337.31899999999996
org.apache.hadoop.hive.ql.exec.vector.expressions.TestVectorConditionalExpressions,0.008
org.apache.hadoop.hive.ql.exec.vector.expressions.TestVectorDateAddSub,173.838
org.apache.hadoop.hive.ql.exec.vector.expressions.TestVectorDateDiff,140.305
org.apache.hadoop.hive.ql.exec.vector.expressions.TestVectorDateExpressions,4.4750000000000005
org.apache.hadoop.hive.ql.exec.vector.expressions.TestVectorExpressionWriters,1.0769999999999988
org.apache.hadoop.hive.ql.exec.vector.expressions.TestVectorFilterCompare,679.051
org.apache.hadoop.hive.ql.exec.vector.expressions.TestVectorFilterExpressions,1.679999999999999
org.apache.hadoop.hive.ql.exec.vector.expressions.TestVectorGenericDateExpressions,0.4670000000000001
org.apache.hadoop.hive.ql.exec.vector.expressions.TestVectorIfStatement,78.20999999999998
org.apache.hadoop.hive.ql.exec.vector.expressions.TestVectorIndex,71.747
org.apache.hadoop.hive.ql.exec.vector.expressions.TestVectorLogicalExpressions,0.033
org.apache.hadoop.hive.ql.exec.vector.expressions.TestVectorMathFunctions,0.065
org.apache.hadoop.hive.ql.exec.vector.expressions.TestVectorNegative,4.67
org.apache.hadoop.hive.ql.exec.vector.expressions.TestVectorNull,10.810999999999998
org.apache.hadoop.hive.ql.exec.vector.expressions.TestVectorScalarColArithmetic,0.021
org.apache.hadoop.hive.ql.exec.vector.expressions.TestVectorStringConcat,24.495
org.apache.hadoop.hive.ql.exec.vector.expressions.TestVectorStringExpressions,0.16600000000000004
org.apache.hadoop.hive.ql.exec.vector.expressions.TestVectorStringUnary,12.895999999999999
org.apache.hadoop.hive.ql.exec.vector.expressions.TestVectorStructField,216.612
org.apache.hadoop.hive.ql.exec.vector.expressions.TestVectorSubStr,38.258
org.apache.hadoop.hive.ql.exec.vector.expressions.TestVectorTimestampExpressions,4.800000000000001
org.apache.hadoop.hive.ql.exec.vector.expressions.TestVectorTimestampExtract,115.6
org.apache.hadoop.hive.ql.exec.vector.expressions.TestVectorTypeCasts,0.21
org.apache.hadoop.hive.ql.exec.vector.expressions.TestVectorTypeCastsWithFormat,0.11800000000000002
org.apache.hadoop.hive.ql.exec.vector.expressions.TestVectorUDFDatetimeLegacyHybridCalendar,1.149
org.apache.hadoop.hive.ql.exec.vector.expressions.gen.TestColumnColumnFilterVectorExpressionEvaluation,0.04800000000000003
org.apache.hadoop.hive.ql.exec.vector.expressions.gen.TestColumnColumnOperationVectorExpressionCheckedEvaluation,0.9620000000000001
org.apache.hadoop.hive.ql.exec.vector.expressions.gen.TestColumnColumnOperationVectorExpressionEvaluation,0.05300000000000003
org.apache.hadoop.hive.ql.exec.vector.expressions.gen.TestColumnScalarFilterVectorExpressionEvaluation,0.06300000000000004
org.apache.hadoop.hive.ql.exec.vector.expressions.gen.TestColumnScalarOperationVectorExpressionCheckedEvaluation,1.0
org.apache.hadoop.hive.ql.exec.vector.expressions.gen.TestColumnScalarOperationVectorExpressionEvaluation,0.07900000000000006
org.apache.hadoop.hive.ql.exec.vector.mapjoin.TestDebugDisplay,0.913
org.apache.hadoop.hive.ql.exec.vector.mapjoin.TestMapJoinOperator,39.045
org.apache.hadoop.hive.ql.exec.vector.mapjoin.fast.TestVectorMapJoinFastBytesHashMap,7.747
org.apache.hadoop.hive.ql.exec.vector.mapjoin.fast.TestVectorMapJoinFastBytesHashMapNonMatched,1.145
org.apache.hadoop.hive.ql.exec.vector.mapjoin.fast.TestVectorMapJoinFastBytesHashMultiSet,1.4009999999999998
org.apache.hadoop.hive.ql.exec.vector.mapjoin.fast.TestVectorMapJoinFastBytesHashSet,1.416
org.apache.hadoop.hive.ql.exec.vector.mapjoin.fast.TestVectorMapJoinFastLongHashMap,2.5899999999999994
org.apache.hadoop.hive.ql.exec.vector.mapjoin.fast.TestVectorMapJoinFastLongHashMapNonMatched,2.301
org.apache.hadoop.hive.ql.exec.vector.mapjoin.fast.TestVectorMapJoinFastLongHashMultiSet,1.8119999999999996
org.apache.hadoop.hive.ql.exec.vector.mapjoin.fast.TestVectorMapJoinFastLongHashSet,1.755
org.apache.hadoop.hive.ql.exec.vector.mapjoin.fast.TestVectorMapJoinFastRowHashMap,12.655000000000001
org.apache.hadoop.hive.ql.exec.vector.udf.TestVectorUDFAdaptor,2.2600000000000002
org.apache.hadoop.hive.ql.exec.vector.util.batchgen.TestVectorBatchGenerate,0.9510000000000001
org.apache.hadoop.hive.ql.hooks.TestHiveProtoLoggingHook,3.234
org.apache.hadoop.hive.ql.hooks.TestHooks,2.432
org.apache.hadoop.hive.ql.hooks.TestMetricsQueryLifeTimeHook,1.941
org.apache.hadoop.hive.ql.hooks.TestQueryHooks,12.181
org.apache.hadoop.hive.ql.index.TestHiveInputSplitComparator,0.001
org.apache.hadoop.hive.ql.io.TestAcidInputFormat,0.85
org.apache.hadoop.hive.ql.io.TestAcidUtils,1.6309999999999991
org.apache.hadoop.hive.ql.io.TestBucketCodec,0.004
org.apache.hadoop.hive.ql.io.TestCombineHiveInputFormat,2.008
org.apache.hadoop.hive.ql.io.TestHiveBinarySearchRecordReader,3.007999999999999
org.apache.hadoop.hive.ql.io.TestHiveFileFormatUtils,0.935
org.apache.hadoop.hive.ql.io.TestHiveInputOutputBuffer,0.14300000000000002
org.apache.hadoop.hive.ql.io.TestIOContextMap,1.2550000000000001
org.apache.hadoop.hive.ql.io.TestLineBuffer,0.002
org.apache.hadoop.hive.ql.io.TestPerformTestRCFileAndSeqFile,2.296
org.apache.hadoop.hive.ql.io.TestRCFile,1.9659999999999997
org.apache.hadoop.hive.ql.io.TestRecordIdentifier,0.004
org.apache.hadoop.hive.ql.io.TestSkippingTextInputFormat,2.104
org.apache.hadoop.hive.ql.io.TestStorageFormatDescriptor,0.037
org.apache.hadoop.hive.ql.io.TestSymlinkTextInputFormat,13.816999999999998
org.apache.hadoop.hive.ql.io.arrow.TestArrowColumnarBatchSerDe,1.924999999999999
org.apache.hadoop.hive.ql.io.avro.TestAvroGenericRecordReader,2.612
org.apache.hadoop.hive.ql.io.filter.TestFilterContext,0.006
org.apache.hadoop.hive.ql.io.orc.TestFixAcidKeyIndex,1.7
org.apache.hadoop.hive.ql.io.orc.TestInputOutputFormat,3.4489999999999994
org.apache.hadoop.hive.ql.io.orc.TestNewInputOutputFormat,8.352
org.apache.hadoop.hive.ql.io.orc.TestOrcFile,247.48200000000006
org.apache.hadoop.hive.ql.io.orc.TestOrcFileStripeMergeRecordReader,2.042
org.apache.hadoop.hive.ql.io.orc.TestOrcRawRecordMerger,3.8679999999999994
org.apache.hadoop.hive.ql.io.orc.TestOrcRecordUpdater,8.92
org.apache.hadoop.hive.ql.io.orc.TestOrcSerDeStats,6.073
org.apache.hadoop.hive.ql.io.orc.TestOrcSplitElimination,1.8900000000000001
org.apache.hadoop.hive.ql.io.orc.TestOrcStruct,0.973
org.apache.hadoop.hive.ql.io.orc.TestRandomAccessHiveInputFormat,2.285
org.apache.hadoop.hive.ql.io.orc.TestVectorizedORCReader,3.272
org.apache.hadoop.hive.ql.io.orc.TestVectorizedOrcAcidRowBatchReader,3.9839999999999987
org.apache.hadoop.hive.ql.io.orc.encoded.TestEncodedOrcFile,1.196
org.apache.hadoop.hive.ql.io.orc.encoded.TestEncodedReaderImpl,0.884
org.apache.hadoop.hive.ql.io.parquet.TestArrayCompatibility,1.6319999999999995
org.apache.hadoop.hive.ql.io.parquet.TestDataWritableWriter,2.1549999999999994
org.apache.hadoop.hive.ql.io.parquet.TestHiveSchemaConverter,0.35100000000000003
org.apache.hadoop.hive.ql.io.parquet.TestMapStructures,1.64
org.apache.hadoop.hive.ql.io.parquet.TestMapredParquetInputFormat,1.731
org.apache.hadoop.hive.ql.io.parquet.TestMapredParquetOutputFormat,2.101
org.apache.hadoop.hive.ql.io.parquet.TestParquetRowGroupFilter,1.492
org.apache.hadoop.hive.ql.io.parquet.TestParquetSerDe,1.0879999999999999
org.apache.hadoop.hive.ql.io.parquet.TestVectorizedColumnReader,1.584
org.apache.hadoop.hive.ql.io.parquet.TestVectorizedDictionaryEncodingColumnReader,1.462
org.apache.hadoop.hive.ql.io.parquet.TestVectorizedListColumnReader,10.822
org.apache.hadoop.hive.ql.io.parquet.TestVectorizedMapColumnReader,21.499
org.apache.hadoop.hive.ql.io.parquet.convert.TestETypeConverter,1.161999999999999
org.apache.hadoop.hive.ql.io.parquet.convert.TestGetDataColumnReaderByType,0.9720000000000001
org.apache.hadoop.hive.ql.io.parquet.read.TestDataWritableReadSupport,1.0379999999999998
org.apache.hadoop.hive.ql.io.parquet.read.TestParquetFilterPredicate,1.1519999999999992
org.apache.hadoop.hive.ql.io.parquet.serde.TestAbstractParquetMapInspector,0.989
org.apache.hadoop.hive.ql.io.parquet.serde.TestArrayWritableObjectInspector,1.134
org.apache.hadoop.hive.ql.io.parquet.serde.TestDeepParquetHiveMapInspector,0.991
org.apache.hadoop.hive.ql.io.parquet.serde.TestParquetHiveArrayInspector,1.002
org.apache.hadoop.hive.ql.io.parquet.serde.TestParquetTimestampUtils,0.9650000000000001
org.apache.hadoop.hive.ql.io.parquet.serde.TestStandardParquetHiveMapInspector,1.0139999999999998
org.apache.hadoop.hive.ql.io.parquet.serde.primitive.TestParquetByteInspector,0.954
org.apache.hadoop.hive.ql.io.parquet.serde.primitive.TestParquetShortInspector,0.974
org.apache.hadoop.hive.ql.io.protobuf.TestProtoMessageSerDe,0.1
org.apache.hadoop.hive.ql.io.sarg.TestConvertAstToSearchArg,0.4800000000000001
org.apache.hadoop.hive.ql.io.sarg.TestSearchArgumentImpl,1.0509999999999995
org.apache.hadoop.hive.ql.lib.TestRuleRegExp,0.916
org.apache.hadoop.hive.ql.lockmgr.TestDbTxnManager,38.23799999999999
org.apache.hadoop.hive.ql.lockmgr.TestDbTxnManager2,247.44700000000003
org.apache.hadoop.hive.ql.lockmgr.TestDbTxnManagerIsolationProperties,23.058
org.apache.hadoop.hive.ql.lockmgr.TestDummyTxnManager,8.458
org.apache.hadoop.hive.ql.lockmgr.TestEmbeddedLockManager,0.052
org.apache.hadoop.hive.ql.lockmgr.TestHiveLockObject,0.005
org.apache.hadoop.hive.ql.lockmgr.zookeeper.TestZookeeperLockManager,2.854
org.apache.hadoop.hive.ql.log.TestLog4j2Appenders,0.903
org.apache.hadoop.hive.ql.log.TestSlidingFilenameRolloverStrategy,1.572
org.apache.hadoop.hive.ql.log.TestSyslogInputFormat,0.982
org.apache.hadoop.hive.ql.metadata.TestHive,4.1499999999999995
org.apache.hadoop.hive.ql.metadata.TestHiveCopyFiles,1.6679999999999997
org.apache.hadoop.hive.ql.metadata.TestHiveMetaStoreChecker,17.232
org.apache.hadoop.hive.ql.metadata.TestHiveRemote,9.454
org.apache.hadoop.hive.ql.metadata.TestHiveUtils,1.7689999999999997
org.apache.hadoop.hive.ql.metadata.TestSessionHiveMetastoreClientAddPartitionsFromSpecTempTable,9.511000000000001
org.apache.hadoop.hive.ql.metadata.TestSessionHiveMetastoreClientAddPartitionsTempTable,13.034999999999997
org.apache.hadoop.hive.ql.metadata.TestSessionHiveMetastoreClientAlterPartitionsTempTable,14.772999999999987
org.apache.hadoop.hive.ql.metadata.TestSessionHiveMetastoreClientAppendPartitionTempTable,9.385000000000002
org.apache.hadoop.hive.ql.metadata.TestSessionHiveMetastoreClientDropPartitionsTempTable,9.504999999999997
org.apache.hadoop.hive.ql.metadata.TestSessionHiveMetastoreClientExchangePartitionsTempTable,18.689999999999987
org.apache.hadoop.hive.ql.metadata.TestSessionHiveMetastoreClientGetPartitionsTempTable,6.484000000000001
org.apache.hadoop.hive.ql.metadata.TestSessionHiveMetastoreClientListPartitionsTempTable,14.066999999999963
org.apache.hadoop.hive.ql.metadata.formatting.TestJsonRPFormatter,0.219
org.apache.hadoop.hive.ql.optimizer.TestColumnPrunerProcCtx,1.384
org.apache.hadoop.hive.ql.optimizer.TestGenMapRedUtilsCreateConditionalTask,2.1389999999999993
org.apache.hadoop.hive.ql.optimizer.TestGenMapRedUtilsUsePartitionColumnsNegative,0.91
org.apache.hadoop.hive.ql.optimizer.TestGenMapRedUtilsUsePartitionColumnsPositive,0.915
org.apache.hadoop.hive.ql.optimizer.TestNestedColumnFieldPruningUtils,0.002
org.apache.hadoop.hive.ql.optimizer.TestSharedWorkOptimizer,0.914
org.apache.hadoop.hive.ql.optimizer.calcite.TestCBOMaxNumToCNF,1.295
org.apache.hadoop.hive.ql.optimizer.calcite.TestCBORuleFiredOnlyOnce,2.168
org.apache.hadoop.hive.ql.optimizer.calcite.rules.TestHivePointLookupOptimizerRule,2.6699999999999995
org.apache.hadoop.hive.ql.optimizer.calcite.rules.TestHiveReduceExpressionsWithStatsRule,3.511
org.apache.hadoop.hive.ql.optimizer.listbucketingpruner.TestDynamicMultiDimeCollection,0.005
org.apache.hadoop.hive.ql.optimizer.listbucketingpruner.TestListBucketingPrunner,0.005
org.apache.hadoop.hive.ql.optimizer.physical.TestVectorizer,2.435
org.apache.hadoop.hive.ql.optimizer.ppr.TestNegativePartitionPrunerCompactExpr,0.936
org.apache.hadoop.hive.ql.optimizer.ppr.TestPositivePartitionPrunerCompactExpr,0.012000000000000004
org.apache.hadoop.hive.ql.optimizer.signature.TestOpSigFactory,1.329
org.apache.hadoop.hive.ql.optimizer.signature.TestOperatorSignature,1.139
org.apache.hadoop.hive.ql.optimizer.signature.TestRelSignature,3.149
org.apache.hadoop.hive.ql.optimizer.signature.TestRuntimeStatsPersistence,1.5269999999999997
org.apache.hadoop.hive.ql.optimizer.topnkey.TestCommonKeyPrefix,0.9420000000000001
org.apache.hadoop.hive.ql.parse.TestColumnAccess,1.248
org.apache.hadoop.hive.ql.parse.TestEximUtil,1.018
org.apache.hadoop.hive.ql.parse.TestGenTezWork,2.2039999999999997
org.apache.hadoop.hive.ql.parse.TestHiveDecimalParse,11.631000000000002
org.apache.hadoop.hive.ql.parse.TestIUD,0.846
org.apache.hadoop.hive.ql.parse.TestMacroSemanticAnalyzer,12.000999999999998
org.apache.hadoop.hive.ql.parse.TestMergeStatement,0.861
org.apache.hadoop.hive.ql.parse.TestParseDriver,4.258
org.apache.hadoop.hive.ql.parse.TestParseDriverIntervals,0.989
org.apache.hadoop.hive.ql.parse.TestParseUtils,0.917
org.apache.hadoop.hive.ql.parse.TestParseWithinGroupClause,0.966
org.apache.hadoop.hive.ql.parse.TestQBCompact,1.645
org.apache.hadoop.hive.ql.parse.TestQBJoinTreeApplyPredicate,7.029000000000002
org.apache.hadoop.hive.ql.parse.TestQBSubQuery,7.951
org.apache.hadoop.hive.ql.parse.TestReplicationSemanticAnalyzer$ReplDump,3.0850000000000004
org.apache.hadoop.hive.ql.parse.TestSQL11ReservedKeyWordsNegative$TestSQL11ReservedKeyWordsNegativeMisc,0.8810000000000001
org.apache.hadoop.hive.ql.parse.TestSemanticAnalyzer,1.075
org.apache.hadoop.hive.ql.parse.TestSemanticAnalyzerFactory,9.463
org.apache.hadoop.hive.ql.parse.TestSplitSample,0.002
org.apache.hadoop.hive.ql.parse.TestUnpermittedCharsInColumnNameCreateTableNegative,0.817
org.apache.hadoop.hive.ql.parse.TestUpdateDeleteSemanticAnalyzer,25.344
org.apache.hadoop.hive.ql.parse.authorization.TestHiveAuthorizationTaskFactory,13.581
org.apache.hadoop.hive.ql.parse.authorization.TestPrivilegesV1,12.0
org.apache.hadoop.hive.ql.parse.authorization.TestPrivilegesV2,11.797
org.apache.hadoop.hive.ql.parse.authorization.TestSessionUserName,3.538
org.apache.hadoop.hive.ql.parse.authorization.plugin.sqlstd.TestOperation2Privilege,0.01
org.apache.hadoop.hive.ql.parse.positive.TestTransactionStatement,0.805
org.apache.hadoop.hive.ql.parse.repl.TestCopyUtils,5.365
org.apache.hadoop.hive.ql.parse.repl.dump.TestHiveWrapper,0.782
org.apache.hadoop.hive.ql.parse.repl.dump.events.TestEventHandlerFactory,1.488
org.apache.hadoop.hive.ql.parse.repl.load.TestEventDumpDirComparator,0.897
org.apache.hadoop.hive.ql.parse.repl.load.message.TestPrimaryToReplicaResourceFunction,3.732
org.apache.hadoop.hive.ql.parse.type.TestTypeCheckProcFactory,1.7949999999999968
org.apache.hadoop.hive.ql.plan.TestConditionalResolverCommonJoin,2.109
org.apache.hadoop.hive.ql.plan.TestCreateMacroDesc,0.936
org.apache.hadoop.hive.ql.plan.TestDropMacroDesc,0.002
org.apache.hadoop.hive.ql.plan.TestExecutionEngineWorkConcurrency,0.905
org.apache.hadoop.hive.ql.plan.TestMapWork,0.908
org.apache.hadoop.hive.ql.plan.TestReadEntityDirect,1.643
org.apache.hadoop.hive.ql.plan.TestTezWork,2.0559999999999996
org.apache.hadoop.hive.ql.plan.TestViewEntity,21.723000000000003
org.apache.hadoop.hive.ql.plan.mapping.TestCounterMapping,5.275
org.apache.hadoop.hive.ql.plan.mapping.TestOperatorCmp,8.247
org.apache.hadoop.hive.ql.plan.mapping.TestReOptimization,25.766000000000002
org.apache.hadoop.hive.ql.plan.mapping.TestStatEstimations,1.2
org.apache.hadoop.hive.ql.processors.TestCommandProcessorFactory,2.229
org.apache.hadoop.hive.ql.processors.TestCompileProcessor,1.599
org.apache.hadoop.hive.ql.processors.TestResetProcessor,2.731
org.apache.hadoop.hive.ql.processors.TestSetProcessor,0.059000000000000004
org.apache.hadoop.hive.ql.schq.TestScheduledQueryService,6.044
org.apache.hadoop.hive.ql.schq.TestScheduledQueryStatements,15.236999999999998
org.apache.hadoop.hive.ql.security.authorization.plugin.TestHiveOperationType,0.008
org.apache.hadoop.hive.ql.security.authorization.plugin.TestHivePrivilegeObjectOwnerNameAndType,0.04
org.apache.hadoop.hive.ql.security.authorization.plugin.metastore.TestHiveMetaStoreAuthorizer,9.493000000000002
org.apache.hadoop.hive.ql.security.authorization.plugin.sqlstd.TestSQLStdHiveAccessControllerCLI,1.633
org.apache.hadoop.hive.ql.security.authorization.plugin.sqlstd.TestSQLStdHiveAccessControllerHS2,1.678
org.apache.hadoop.hive.ql.session.TestAddResource,3.529
org.apache.hadoop.hive.ql.session.TestSessionState,16.617
org.apache.hadoop.hive.ql.stats.TestBasicStats,2.678
org.apache.hadoop.hive.ql.stats.TestStatsUpdaterThread,170.82899999999998
org.apache.hadoop.hive.ql.stats.TestStatsUtils,1.585
org.apache.hadoop.hive.ql.tool.TestLineageInfo,1.9299999999999997
org.apache.hadoop.hive.ql.txn.compactor.TestCleaner,14.798999999999998
org.apache.hadoop.hive.ql.txn.compactor.TestCleaner2,14.923
org.apache.hadoop.hive.ql.txn.compactor.TestInitiator,39.260000000000005
org.apache.hadoop.hive.ql.txn.compactor.TestWorker,119.154
org.apache.hadoop.hive.ql.txn.compactor.TestWorker2,118.98700000000002
org.apache.hadoop.hive.ql.udaf.TestStreamingAvg,1.0219999999999998
org.apache.hadoop.hive.ql.udaf.TestStreamingMax,1.0099999999999996
org.apache.hadoop.hive.ql.udaf.TestStreamingMin,0.995
org.apache.hadoop.hive.ql.udaf.TestStreamingSum,1.0129999999999995
org.apache.hadoop.hive.ql.udf.TestBlockedUdf,2.871
org.apache.hadoop.hive.ql.udf.TestToInteger,0.926
org.apache.hadoop.hive.ql.udf.TestUDFBase64,0.932
org.apache.hadoop.hive.ql.udf.TestUDFBuildVersion,0.927
org.apache.hadoop.hive.ql.udf.TestUDFCrc32,0.92
org.apache.hadoop.hive.ql.udf.TestUDFDateFormatGranularity,0.132
org.apache.hadoop.hive.ql.udf.TestUDFHex,0.911
org.apache.hadoop.hive.ql.udf.TestUDFJson,1.1689999999999998
org.apache.hadoop.hive.ql.udf.TestUDFMath,0.95
org.apache.hadoop.hive.ql.udf.TestUDFMd5,0.943
org.apache.hadoop.hive.ql.udf.TestUDFSha1,0.95
org.apache.hadoop.hive.ql.udf.TestUDFSign,0.948
org.apache.hadoop.hive.ql.udf.TestUDFUUID,2.245
org.apache.hadoop.hive.ql.udf.TestUDFUnbase64,0.942
org.apache.hadoop.hive.ql.udf.TestUDFUnhex,0.908
org.apache.hadoop.hive.ql.udf.TestUDFVersion,0.934
org.apache.hadoop.hive.ql.udf.generic.TestGenericUDAFBinarySetFunctions,1.1259999999999966
org.apache.hadoop.hive.ql.udf.generic.TestGenericUDAFCorrelation,1.048
org.apache.hadoop.hive.ql.udf.generic.TestGenericUDAFEvaluator,1.847
org.apache.hadoop.hive.ql.udf.generic.TestGenericUDAFPercentileCont,0.9770000000000001
org.apache.hadoop.hive.ql.udf.generic.TestGenericUDAFPercentileDisc,0.9830000000000001
org.apache.hadoop.hive.ql.udf.generic.TestGenericUDFAbs,1.025
org.apache.hadoop.hive.ql.udf.generic.TestGenericUDFAddMonths,0.23200000000000004
org.apache.hadoop.hive.ql.udf.generic.TestGenericUDFAesDecrypt,1.0589999999999995
org.apache.hadoop.hive.ql.udf.generic.TestGenericUDFAesEncrypt,1.0879999999999996
org.apache.hadoop.hive.ql.udf.generic.TestGenericUDFBRound,1.001
org.apache.hadoop.hive.ql.udf.generic.TestGenericUDFBridge,1.309
org.apache.hadoop.hive.ql.udf.generic.TestGenericUDFCastFormat,1.062
org.apache.hadoop.hive.ql.udf.generic.TestGenericUDFCbrt,1.011
org.apache.hadoop.hive.ql.udf.generic.TestGenericUDFCeil,2.219
org.apache.hadoop.hive.ql.udf.generic.TestGenericUDFChr,0.926
org.apache.hadoop.hive.ql.udf.generic.TestGenericUDFConcat,2.5349999999999997
org.apache.hadoop.hive.ql.udf.generic.TestGenericUDFDate,1.1340000000000001
org.apache.hadoop.hive.ql.udf.generic.TestGenericUDFDateAdd,1.0099999999999996
org.apache.hadoop.hive.ql.udf.generic.TestGenericUDFDateDiff,1.0059999999999998
org.apache.hadoop.hive.ql.udf.generic.TestGenericUDFDateFormat,1.0129999999999997
org.apache.hadoop.hive.ql.udf.generic.TestGenericUDFDateSub,1.0199999999999996
org.apache.hadoop.hive.ql.udf.generic.TestGenericUDFDatetimeLegacyHybridCalendar,0.964
org.apache.hadoop.hive.ql.udf.generic.TestGenericUDFDecode,0.966
org.apache.hadoop.hive.ql.udf.generic.TestGenericUDFEncode,0.989
org.apache.hadoop.hive.ql.udf.generic.TestGenericUDFEnforceConstraint,1.125
org.apache.hadoop.hive.ql.udf.generic.TestGenericUDFExtractUnion,2.025999999999999
org.apache.hadoop.hive.ql.udf.generic.TestGenericUDFExtractUnionObjectInspectorConverter,0.012
org.apache.hadoop.hive.ql.udf.generic.TestGenericUDFExtractUnionValueConverter,0.012
org.apache.hadoop.hive.ql.udf.generic.TestGenericUDFFactorial,1.125
org.apache.hadoop.hive.ql.udf.generic.TestGenericUDFFloor,2.2659999999999996
org.apache.hadoop.hive.ql.udf.generic.TestGenericUDFFromUtcTimestamp,1.007
org.apache.hadoop.hive.ql.udf.generic.TestGenericUDFGreatest,2.3339999999999996
org.apache.hadoop.hive.ql.udf.generic.TestGenericUDFInitCap,1.322
org.apache.hadoop.hive.ql.udf.generic.TestGenericUDFInternalInterval,1.14
org.apache.hadoop.hive.ql.udf.generic.TestGenericUDFJsonRead,1.4389999999999998
org.apache.hadoop.hive.ql.udf.generic.TestGenericUDFLTrim,1.001
org.apache.hadoop.hive.ql.udf.generic.TestGenericUDFLastDay,1.005
org.apache.hadoop.hive.ql.udf.generic.TestGenericUDFLeast,2.3329999999999997
org.apache.hadoop.hive.ql.udf.generic.TestGenericUDFLevenshtein,1.133
org.apache.hadoop.hive.ql.udf.generic.TestGenericUDFLikeAll,1.1569999999999998
org.apache.hadoop.hive.ql.udf.generic.TestGenericUDFLikeAny,1.133
org.apache.hadoop.hive.ql.udf.generic.TestGenericUDFLpad,0.994
org.apache.hadoop.hive.ql.udf.generic.TestGenericUDFMacro,1.077
org.apache.hadoop.hive.ql.udf.generic.TestGenericUDFMapValues,1.001
org.apache.hadoop.hive.ql.udf.generic.TestGenericUDFMonthsBetween,1.0259999999999998
org.apache.hadoop.hive.ql.udf.generic.TestGenericUDFNextDay,1.128
org.apache.hadoop.hive.ql.udf.generic.TestGenericUDFNullif,1.1509999999999998
org.apache.hadoop.hive.ql.udf.generic.TestGenericUDFOPAnd,1.017
org.apache.hadoop.hive.ql.udf.generic.TestGenericUDFOPDivide,1.2209999999999994
org.apache.hadoop.hive.ql.udf.generic.TestGenericUDFOPMinus,1.1899999999999995
org.apache.hadoop.hive.ql.udf.generic.TestGenericUDFOPMod,1.1979999999999997
org.apache.hadoop.hive.ql.udf.generic.TestGenericUDFOPMultiply,1.1749999999999994
org.apache.hadoop.hive.ql.udf.generic.TestGenericUDFOPNegative,2.264
org.apache.hadoop.hive.ql.udf.generic.TestGenericUDFOPOr,0.975
org.apache.hadoop.hive.ql.udf.generic.TestGenericUDFOPPlus,1.2159999999999989
org.apache.hadoop.hive.ql.udf.generic.TestGenericUDFOPPositive,2.276
org.apache.hadoop.hive.ql.udf.generic.TestGenericUDFPosMod,1.2239999999999998
org.apache.hadoop.hive.ql.udf.generic.TestGenericUDFPower,2.269
org.apache.hadoop.hive.ql.udf.generic.TestGenericUDFPrintf,1.0399999999999998
org.apache.hadoop.hive.ql.udf.generic.TestGenericUDFQuarter,1.023
org.apache.hadoop.hive.ql.udf.generic.TestGenericUDFQuote,0.993
org.apache.hadoop.hive.ql.udf.generic.TestGenericUDFRTrim,0.997
org.apache.hadoop.hive.ql.udf.generic.TestGenericUDFRegexp,1.0219999999999998
org.apache.hadoop.hive.ql.udf.generic.TestGenericUDFReplace,0.979
org.apache.hadoop.hive.ql.udf.generic.TestGenericUDFRound,2.539
org.apache.hadoop.hive.ql.udf.generic.TestGenericUDFRpad,1.006
org.apache.hadoop.hive.ql.udf.generic.TestGenericUDFSha2,1.0229999999999995
org.apache.hadoop.hive.ql.udf.generic.TestGenericUDFSortArray,1.0319999999999998
org.apache.hadoop.hive.ql.udf.generic.TestGenericUDFSortArrayByField,1.0519999999999998
org.apache.hadoop.hive.ql.udf.generic.TestGenericUDFSoundex,1.115
org.apache.hadoop.hive.ql.udf.generic.TestGenericUDFStringToMap,0.997
org.apache.hadoop.hive.ql.udf.generic.TestGenericUDFSubstringIndex,1.0
org.apache.hadoop.hive.ql.udf.generic.TestGenericUDFSurrogateKey,2.0519999999999987
org.apache.hadoop.hive.ql.udf.generic.TestGenericUDFToUnixTimestamp,2.491
org.apache.hadoop.hive.ql.udf.generic.TestGenericUDFTrim,1.015
org.apache.hadoop.hive.ql.udf.generic.TestGenericUDFTrunc,1.0229999999999995
org.apache.hadoop.hive.ql.udf.generic.TestGenericUDFUtils,0.956
org.apache.hadoop.hive.ql.udf.generic.TestGenericUDFWidthBucket,2.251
org.apache.hadoop.hive.ql.udf.generic.TestGenericUDTFGetSQLSchema,10.323
org.apache.hadoop.hive.ql.udf.generic.TestUDFSplitMapPrivs,0.109
org.apache.hadoop.hive.ql.udf.ptf.TestBoundaryCache,2.484
org.apache.hadoop.hive.ql.udf.xml.TestReusableStringReader,0.002
org.apache.hadoop.hive.ql.udf.xml.TestUDFXPathUtil,0.081
org.apache.hadoop.hive.ql.util.CloseableThreadLocalTest,0.898
org.apache.hadoop.hive.ql.util.TestDateTimeMath,0.077
org.apache.hadoop.hive.ql.util.TestHiveStrictManagedMigration,25.939
org.apache.hadoop.hive.ql.util.TestUpgradeTool,42.301
org.apache.hadoop.hive.ql.util.TestUpgradeToolRerturnPath,42.205
org.apache.hadoop.hive.ql.wm.TestExpressionFactory,1.931
org.apache.hadoop.hive.ql.wm.TestTrigger,1.948999999999999
org.apache.hive.testutils.TestHiveTestEnvSetup,1.65
org.apache.hadoop.hive.serde2.TestColumnProjectionUtils,1.8129999999999997
org.apache.hadoop.hive.serde2.TestJsonSerDe,2.1039999999999988
org.apache.hadoop.hive.serde2.TestOpenCSVSerde,0.166
org.apache.hadoop.hive.serde2.TestStatsSerde,2.6089999999999995
org.apache.hadoop.hive.serde2.TestTCTLSeparatedProtocol,1.8069999999999997
org.apache.hadoop.hive.serde2.avro.TestAvroDeserializer,2.7729999999999984
org.apache.hadoop.hive.serde2.avro.TestAvroLazyObjectInspector,1.662
org.apache.hadoop.hive.serde2.avro.TestAvroObjectInspectorGenerator,0.41900000000000004
org.apache.hadoop.hive.serde2.avro.TestAvroSerde,2.1870000000000003
org.apache.hadoop.hive.serde2.avro.TestAvroSerdeUtils,11.064999999999998
org.apache.hadoop.hive.serde2.avro.TestAvroSerializer,1.6869999999999985
org.apache.hadoop.hive.serde2.avro.TestGenericAvroRecordWritable,1.32
org.apache.hadoop.hive.serde2.avro.TestInstanceCache,1.242
org.apache.hadoop.hive.serde2.avro.TestSchemaReEncoder,2.265
org.apache.hadoop.hive.serde2.avro.TestSchemaToTypeInfo,2.236
org.apache.hadoop.hive.serde2.avro.TestThatEvolvedSchemasActAsWeWant,1.717
org.apache.hadoop.hive.serde2.avro.TestTypeInfoToSchema,0.32899999999999996
org.apache.hadoop.hive.serde2.binarysortable.TestBinarySortableFast,22.067
org.apache.hadoop.hive.serde2.binarysortable.TestBinarySortableSerDe,4.884
org.apache.hadoop.hive.serde2.columnar.TestBytesRefArrayWritable,2.295
org.apache.hadoop.hive.serde2.columnar.TestLazyBinaryColumnarSerDe,2.925
org.apache.hadoop.hive.serde2.io.TestDateWritableV2,58.584
org.apache.hadoop.hive.serde2.io.TestHiveCharWritable,10.327
org.apache.hadoop.hive.serde2.io.TestHiveIntervalDayTimeWritable,6.205
org.apache.hadoop.hive.serde2.io.TestHiveIntervalYearMonthWritable,18.489
org.apache.hadoop.hive.serde2.io.TestHiveVarcharWritable,7.096
org.apache.hadoop.hive.serde2.io.TestTimestampTZWritable,2.147
org.apache.hadoop.hive.serde2.io.TestTimestampWritableV2,21.633999999999997
org.apache.hadoop.hive.serde2.lazy.TestLazyArrayMapStruct,1.8539999999999992
org.apache.hadoop.hive.serde2.lazy.TestLazyPrimitive,2.6059999999999994
org.apache.hadoop.hive.serde2.lazy.TestLazySimpleFast,15.256
org.apache.hadoop.hive.serde2.lazy.TestLazySimpleSerDe,1.635
org.apache.hadoop.hive.serde2.lazy.fast.TestLazySimpleDeserializeRead,1.91
org.apache.hadoop.hive.serde2.lazy.fast.TestStringToDouble,0.703
org.apache.hadoop.hive.serde2.lazybinary.TestLazyBinaryFast,6.284999999999999
org.apache.hadoop.hive.serde2.lazybinary.TestLazyBinarySerDe,3.123
org.apache.hadoop.hive.serde2.lazybinary.TestLazyBinarySerDe2,2.0989999999999998
org.apache.hadoop.hive.serde2.objectinspector.TestCrossMapEqualComparer,1.646
org.apache.hadoop.hive.serde2.objectinspector.TestFullMapEqualComparer,1.572
org.apache.hadoop.hive.serde2.objectinspector.TestObjectInspectorConverters,1.754
org.apache.hadoop.hive.serde2.objectinspector.TestObjectInspectorUtils,1.8909999999999998
org.apache.hadoop.hive.serde2.objectinspector.TestObjectInspectorUtilsCompare,1.7339999999999995
org.apache.hadoop.hive.serde2.objectinspector.TestObjectInspectorUtilsCompareNull,1.6609999999999998
org.apache.hadoop.hive.serde2.objectinspector.TestProtocolBuffersObjectInspectors,1.787
org.apache.hadoop.hive.serde2.objectinspector.TestReflectionObjectInspectors,3.51
org.apache.hadoop.hive.serde2.objectinspector.TestSimpleMapEqualComparer,2.149
org.apache.hadoop.hive.serde2.objectinspector.TestStandardObjectInspectors,1.3219999999999996
org.apache.hadoop.hive.serde2.objectinspector.TestThriftObjectInspectors,1.403
org.apache.hadoop.hive.serde2.objectinspector.TestUnionStructObjectInspector,1.709
org.apache.hadoop.hive.serde2.objectinspector.primitive.TestPrimitiveObjectInspectorFactory,0.653
org.apache.hadoop.hive.serde2.objectinspector.primitive.TestPrimitiveObjectInspectorUtils,1.791
org.apache.hadoop.hive.serde2.teradata.TestTeradataBinarySerdeForDate,0.28
org.apache.hadoop.hive.serde2.teradata.TestTeradataBinarySerdeForDecimal,0.259
org.apache.hadoop.hive.serde2.teradata.TestTeradataBinarySerdeForTimeStamp,0.322
org.apache.hadoop.hive.serde2.teradata.TestTeradataBinarySerdeGeneral,0.37800000000000006
org.apache.hadoop.hive.serde2.thrift.TestColumnBuffer,0.038
org.apache.hadoop.hive.serde2.typeinfo.TestBaseCharTypeInfo,0.03
org.apache.hadoop.hive.serde2.typeinfo.TestTypeInfoUtils,1.691
org.apache.hive.http.TestJdbcJarDownloadServlet,1.738
org.apache.hive.service.TestCookieSigner,0.93
org.apache.hive.service.auth.TestLdapAtnProviderWithMiniDS,3.578
org.apache.hive.service.auth.TestLdapAuthenticationProviderImpl,4.152
org.apache.hive.service.auth.TestPlainSaslHelper,9.235
org.apache.hive.service.auth.ldap.TestChainFilter,2.491
org.apache.hive.service.auth.ldap.TestCustomQueryFilter,2.397
org.apache.hive.service.auth.ldap.TestGroupFilter,2.7219999999999995
org.apache.hive.service.auth.ldap.TestLdapSearch,3.291
org.apache.hive.service.auth.ldap.TestLdapUtils,1.778
org.apache.hive.service.auth.ldap.TestQuery,0.07300000000000001
org.apache.hive.service.auth.ldap.TestQueryFactory,2.01
org.apache.hive.service.auth.ldap.TestSearchResultHandler,1.7649999999999997
org.apache.hive.service.auth.ldap.TestUserFilter,2.367
org.apache.hive.service.auth.ldap.TestUserSearchFilter,2.5500000000000003
org.apache.hive.service.cli.TestCLIServiceConnectionLimits,10.242000000000003
org.apache.hive.service.cli.TestCLIServiceRestore,0.191
org.apache.hive.service.cli.TestHiveSQLException,0.1
org.apache.hive.service.cli.TestRetryingThriftCLIServiceClient,35.513999999999996
org.apache.hive.service.cli.operation.TestQueryLifeTimeHooksWithSQLOperation,13.663
org.apache.hive.service.cli.operation.TestSQLOperationMetrics,3.1439999999999997
org.apache.hive.service.cli.session.TestPluggableHiveSessionImpl,9.555
org.apache.hive.service.cli.session.TestSessionCleanup,9.45
org.apache.hive.service.cli.session.TestSessionGlobalInitFile,10.433
org.apache.hive.service.cli.session.TestSessionHooks,9.758
org.apache.hive.service.cli.session.TestSessionManagerMetrics,17.222
org.apache.hive.service.cli.thrift.ThriftHttpServletTest,2.464
org.apache.hive.service.server.TestHS2HttpServer,4.041
org.apache.hive.service.server.TestHS2HttpServerPam,0.443
org.apache.hive.service.server.TestHS2HttpServerPamConfiguration,8.452000000000002
org.apache.hive.service.server.TestServerOptionsProcessor,1.076
org.apache.hadoop.hive.shims.TestHadoop23Shims,0.164
org.apache.hadoop.fs.TestProxyFileSystem,2.191
org.apache.hadoop.hive.io.TestHdfsUtils,2.71
org.apache.hive.spark.client.TestJobHandle,1.619
org.apache.hive.spark.client.TestJobResultSerializer,1.938
org.apache.hive.spark.client.TestMetricsCollection,0.08
org.apache.hive.spark.client.TestSparkClient,16.356
org.apache.hive.spark.client.TestSparkLauncherSparkClient,3.19
org.apache.hive.spark.client.rpc.TestKryoMessageCodec,3.1789999999999994
org.apache.hive.spark.client.rpc.TestRpc,4.994999999999999
org.apache.hadoop.hive.metastore.utils.RetryTest,0.002
org.apache.hadoop.hive.common.TestStatsSetupConst,0.994
org.apache.hadoop.hive.common.ndv.fm.TestFMSketchSerialization,0.719
org.apache.hadoop.hive.common.ndv.hll.TestHLLNoBias,0.19500000000000006
org.apache.hadoop.hive.common.ndv.hll.TestHLLSerialization,3.3979999999999997
org.apache.hadoop.hive.common.ndv.hll.TestHyperLogLog,0.09500000000000001
org.apache.hadoop.hive.common.ndv.hll.TestHyperLogLogDense,0.279
org.apache.hadoop.hive.common.ndv.hll.TestHyperLogLogMerge,1.31
org.apache.hadoop.hive.common.ndv.hll.TestHyperLogLogSparse,0.273
org.apache.hadoop.hive.common.ndv.hll.TestSparseEncodeHash,0.003
org.apache.hadoop.hive.metastore.TestAdminUser,4.922
org.apache.hadoop.hive.metastore.TestAggregateStatsCache,3.929
org.apache.hadoop.hive.metastore.TestCatalogNonDefaultClient,61.645
org.apache.hadoop.hive.metastore.TestCatalogNonDefaultSvr,19.408000000000005
org.apache.hadoop.hive.metastore.TestCatalogOldClient,19.266999999999996
org.apache.hadoop.hive.metastore.TestDeadline,1.515
org.apache.hadoop.hive.metastore.TestEmbeddedHiveMetaStore,29.838000000000005
org.apache.hadoop.hive.metastore.TestFilterHooks,8.869
org.apache.hadoop.hive.metastore.TestGetPartitionsUsingProjectionAndFilterSpecs,11.827999999999998
org.apache.hadoop.hive.metastore.TestHiveAlterHandler,0.924
org.apache.hadoop.hive.metastore.TestHiveMetaStoreGetMetaConf,0.09100000000000001
org.apache.hadoop.hive.metastore.TestHiveMetaStorePartitionSpecs,6.583
org.apache.hadoop.hive.metastore.TestHiveMetaStoreSchemaMethods,1.8149999999999984
org.apache.hadoop.hive.metastore.TestHiveMetaStoreTimeout,5.429
org.apache.hadoop.hive.metastore.TestHiveMetaStoreTxns,2.0180000000000002
org.apache.hadoop.hive.metastore.TestHiveMetaStoreWithEnvironmentContext,8.503
org.apache.hadoop.hive.metastore.TestHiveMetastoreCli,0.906
org.apache.hadoop.hive.metastore.TestHmsServerAuthorization,0.603
org.apache.hadoop.hive.metastore.TestLdapAtnProviderWithMiniDS,0.0
org.apache.hadoop.hive.metastore.TestLockRequestBuilder,0.029
org.apache.hadoop.hive.metastore.TestMarkPartition,16.448
org.apache.hadoop.hive.metastore.TestMarkPartitionRemote,17.346
org.apache.hadoop.hive.metastore.TestMetaStoreConnectionUrlHook,1.132
org.apache.hadoop.hive.metastore.TestMetaStoreEndFunctionListener,7.102
org.apache.hadoop.hive.metastore.TestMetaStoreEventListener,20.889000000000003
org.apache.hadoop.hive.metastore.TestMetaStoreEventListenerOnlyOnCommit,7.219
org.apache.hadoop.hive.metastore.TestMetaStoreEventListenerWithOldConf,18.044999999999998
org.apache.hadoop.hive.metastore.TestMetaStoreInitListener,5.878
org.apache.hadoop.hive.metastore.TestMetaStoreLdapAuthenticationProviderImpl,2.5329999999999986
org.apache.hadoop.hive.metastore.TestMetaStoreListenersError,4.946
org.apache.hadoop.hive.metastore.TestMetaStoreSchemaFactory,0.881
org.apache.hadoop.hive.metastore.TestMetaStoreSchemaInfo,0.855
org.apache.hadoop.hive.metastore.TestMsckCheckPartitions,2.268
org.apache.hadoop.hive.metastore.TestObjectStore,166.20300000000006
org.apache.hadoop.hive.metastore.TestObjectStoreInitRetry,8.628
org.apache.hadoop.hive.metastore.TestObjectStoreSchemaMethods,5.111000000000001
org.apache.hadoop.hive.metastore.TestObjectStoreStatementVerify,5.457
org.apache.hadoop.hive.metastore.TestOldSchema,0.0
org.apache.hadoop.hive.metastore.TestPartitionManagement,104.67
org.apache.hadoop.hive.metastore.TestPartitionNameWhitelistValidation,0.010000000000000002
org.apache.hadoop.hive.metastore.TestPartitionProjectionEvaluator,1.4299999999999997
org.apache.hadoop.hive.metastore.TestRawStoreProxy,0.965
org.apache.hadoop.hive.metastore.TestRemoteHiveMetaStore,40.168
org.apache.hadoop.hive.metastore.TestRemoteHiveMetaStoreCustomAuth,51.90600000000001
org.apache.hadoop.hive.metastore.TestRemoteHiveMetaStoreIpAddress,6.21
org.apache.hadoop.hive.metastore.TestRemoteHiveMetaStoreZK,42.403999999999996
org.apache.hadoop.hive.metastore.TestRemoteHiveMetaStoreZKBindHost,42.031000000000006
org.apache.hadoop.hive.metastore.TestRemoteUGIHiveMetaStoreIpAddress,6.202
org.apache.hadoop.hive.metastore.TestRetriesInRetryingHMSHandler,1.5259999999999998
org.apache.hadoop.hive.metastore.TestRetryingHMSHandler,6.827
org.apache.hadoop.hive.metastore.TestSetUGIOnBothClientServer,40.487
org.apache.hadoop.hive.metastore.TestSetUGIOnOnlyClient,40.551
org.apache.hadoop.hive.metastore.TestSetUGIOnOnlyServer,40.199
org.apache.hadoop.hive.metastore.TestStats,7.662
org.apache.hadoop.hive.metastore.TestTableIterable,2.202
org.apache.hadoop.hive.metastore.cache.TestCachedStore,31.443
org.apache.hadoop.hive.metastore.cache.TestCatalogCaching,5.877999999999999
org.apache.hadoop.hive.metastore.client.TestAddPartitions,108.08899999999998
org.apache.hadoop.hive.metastore.client.TestAddPartitionsFromPartSpec,19.069999999999997
org.apache.hadoop.hive.metastore.client.TestAlterPartitions,46.56700000000001
org.apache.hadoop.hive.metastore.client.TestAppendPartitions,31.805
org.apache.hadoop.hive.metastore.client.TestCatalogs,5.2879999999999985
org.apache.hadoop.hive.metastore.client.TestCheckConstraint,9.484999999999998
org.apache.hadoop.hive.metastore.client.TestDatabases,11.640999999999995
org.apache.hadoop.hive.metastore.client.TestDefaultConstraint,9.419999999999998
org.apache.hadoop.hive.metastore.client.TestDropPartitions,31.471
org.apache.hadoop.hive.metastore.client.TestExchangePartitions,69.46900000000002
org.apache.hadoop.hive.metastore.client.TestForeignKey,11.197000000000001
org.apache.hadoop.hive.metastore.client.TestFunctions,50.953999999999986
org.apache.hadoop.hive.metastore.client.TestGetPartitions,18.833000000000002
org.apache.hadoop.hive.metastore.client.TestGetTableMeta,11.352
org.apache.hadoop.hive.metastore.client.TestListPartitions,54.332000000000015
org.apache.hadoop.hive.metastore.client.TestMetastoreScheduledQueries,64.691
org.apache.hadoop.hive.metastore.client.TestNotNullConstraint,9.459
org.apache.hadoop.hive.metastore.client.TestPrimaryKey,11.216999999999999
org.apache.hadoop.hive.metastore.client.TestRuntimeStats,18.429000000000002
org.apache.hadoop.hive.metastore.client.TestTablesCreateDropAlterTruncate,73.389
org.apache.hadoop.hive.metastore.client.TestTablesGetExists,20.534999999999997
org.apache.hadoop.hive.metastore.client.TestTablesList,15.125999999999996
org.apache.hadoop.hive.metastore.client.TestUniqueConstraint,9.459
org.apache.hadoop.hive.metastore.columnstats.merge.DateColumnStatsMergerTest,0.026
org.apache.hadoop.hive.metastore.columnstats.merge.DecimalColumnStatsMergerTest,0.027000000000000003
org.apache.hadoop.hive.metastore.conf.TestMetastoreConf,0.49700000000000016
org.apache.hadoop.hive.metastore.datasource.TestDataSourceProviderFactory,1.0669999999999997
org.apache.hadoop.hive.metastore.ldap.TestChainFilter,1.534
org.apache.hadoop.hive.metastore.ldap.TestCustomQueryFilter,1.456
org.apache.hadoop.hive.metastore.ldap.TestGroupFilter,1.575
org.apache.hadoop.hive.metastore.ldap.TestLdapSearch,1.8639999999999992
org.apache.hadoop.hive.metastore.ldap.TestLdapUtils,0.925
org.apache.hadoop.hive.metastore.ldap.TestQuery,0.066
org.apache.hadoop.hive.metastore.ldap.TestQueryFactory,0.9710000000000001
org.apache.hadoop.hive.metastore.ldap.TestSearchResultHandler,1.4059999999999993
org.apache.hadoop.hive.metastore.ldap.TestUserFilter,1.438
org.apache.hadoop.hive.metastore.ldap.TestUserSearchFilter,1.4749999999999994
org.apache.hadoop.hive.metastore.messaging.json.TestJSONMessageDeserializer,0.291
org.apache.hadoop.hive.metastore.metrics.TestMetrics,14.695
org.apache.hadoop.hive.metastore.tools.metatool.TestHiveMetaToolCommandLine,0.735
org.apache.hadoop.hive.metastore.tools.metatool.TestMetaToolTaskExecuteJDOQLQuery,2.034
org.apache.hadoop.hive.metastore.tools.metatool.TestMetaToolTaskListFSRoot,2.044
org.apache.hadoop.hive.metastore.tools.metatool.TestMetaToolTaskUpdateLocation,2.051
org.apache.hadoop.hive.metastore.tools.schematool.TestMetastoreSchemaTool,0.863
org.apache.hadoop.hive.metastore.tools.schematool.TestSchemaToolForMetastore,37.623
org.apache.hadoop.hive.metastore.tools.schematool.TestSchemaToolTaskDrop,1.7219999999999998
org.apache.hadoop.hive.metastore.txn.TestAcidTxnCleanerService,0.0
org.apache.hadoop.hive.metastore.txn.TestOpenTxn,3.3520000000000003
org.apache.hadoop.hive.metastore.txn.TestTxnHandlerNegative,0.292
org.apache.hadoop.hive.metastore.txn.TestTxnUtils,3.33
org.apache.hadoop.hive.metastore.utils.TestHdfsUtils,2.8959999999999995
org.apache.hadoop.hive.metastore.utils.TestLockTypeUtil,0.019
org.apache.hadoop.hive.metastore.utils.TestMetaStoreServerUtils,1.1119999999999994
org.apache.hadoop.hive.metastore.tools.HMSClientTest,0.0
org.apache.hadoop.hive.metastore.tools.UtilTest,0.839
org.apache.hadoop.hive.common.TestDatabaseName,0.006
org.apache.hadoop.hive.common.TestTableName,0.006
org.apache.hadoop.hive.common.TestValidCompactorWriteIdList,0.007
org.apache.hadoop.hive.common.TestValidReadTxnList,0.41100000000000003
org.apache.hadoop.hive.common.TestValidReaderWriteIdList,0.376
org.apache.hadoop.hive.common.io.TestDiskRangeList,0.026
org.apache.hadoop.hive.common.type.TestHiveDecimal,58.665
org.apache.hadoop.hive.common.type.TestHiveDecimalVersion,0.07
org.apache.hadoop.hive.ql.exec.vector.TestBytesColumnVector,0.02
org.apache.hadoop.hive.ql.exec.vector.TestDateColumnVector,0.916
org.apache.hadoop.hive.ql.exec.vector.TestListColumnVector,0.0
org.apache.hadoop.hive.ql.exec.vector.TestMapColumnVector,0.004
org.apache.hadoop.hive.ql.exec.vector.TestStructColumnVector,0.015
org.apache.hadoop.hive.ql.exec.vector.TestTimestampColumnVector,0.293
org.apache.hadoop.hive.ql.exec.vector.TestUnionColumnVector,0.0
org.apache.hadoop.hive.ql.exec.vector.expressions.TestStringExpr,0.004
org.apache.hadoop.hive.ql.util.TestJavaDataModel,0.028999999999999998
org.apache.hadoop.hive.serde2.io.TestHiveDecimalWritable,0.029
org.apache.hadoop.hive.serde2.io.TestHiveDecimalWritableVersion,0.022
org.apache.hive.common.util.TestBloomFilter,3.3409999999999997
org.apache.hive.common.util.TestBloomKFilter,4.010000000000001
org.apache.hive.common.util.TestMurmur3,0.9180000000000001
org.apache.hive.common.util.TestTxnIdUtils,0.007
org.apache.hive.streaming.TestStreaming,202.54500000000002
org.apache.hive.streaming.TestStreamingDynamicPartitioning,59.379
org.apache.hadoop.hive.upgrade.acid.TestCloseableThreadLocal,2.1149999999999998
org.apache.hadoop.hive.upgrade.acid.TestPreUpgradeTool,153.35700000000003
org.apache.hadoop.hive.upgrade.acid.TestRunOptions,1.918
